index,input_url,scanner_input,result,score,description,error
1,nobell.it/70ffb52d079109dca5664cce6f317373782/login.SkyPe.com/en/cgi-bin/verification/login/70ffb52d079109dca5664cce6f317373/index.php?cmd=_profile-ach&outdated_page_tmpl=p/gen/failed-to-load&nav=0.5.1&login_access=1322408526,https://nobell.it/70ffb52d079109dca5664cce6f317373782/login.SkyPe.com/en/cgi-bin/verification/login/70ffb52d079109dca5664cce6f317373/index.php?cmd=_profile-ach&outdated_page_tmpl=p/gen/failed-to-load&nav=0.5.1&login_access=1322408526,SUSPICIOUS,62,62% suspicious - Contains risky words,
2,www.dghjdgf.com/paypal.co.uk/cycgi-bin/webscrcmd=_home-customer&nav=1/loading.php,https://www.dghjdgf.com/paypal.co.uk/cycgi-bin/webscrcmd=_home-customer&nav=1/loading.php,SUSPICIOUS,15,15% suspicious - URL length is moderately high,
3,serviciosbys.com/paypal.cgi.bin.get-into.herf.secure.dispatch35463256rzr321654641dsf654321874/href/href/href/secure/center/update/limit/seccure/4d7a1ff5c55825a2e632a679c2fd5353/,https://serviciosbys.com/paypal.cgi.bin.get-into.herf.secure.dispatch35463256rzr321654641dsf654321874/href/href/href/secure/center/update/limit/seccure/4d7a1ff5c55825a2e632a679c2fd5353/,SUSPICIOUS,58,58% suspicious - Contains risky words,
4,mail.printakid.com/www.online.americanexpress.com/index.html,https://mail.printakid.com/www.online.americanexpress.com/index.html,SUSPICIOUS,33,33% suspicious - Looks like a fake brand spelling (typo/extra character),
5,thewhiskeydregs.com/wp-content/themes/widescreen/includes/temp/promocoessmiles/?84784787824HDJNDJDSJSHD//2724782784/,https://thewhiskeydregs.com/wp-content/themes/widescreen/includes/temp/promocoessmiles/?84784787824HDJNDJDSJSHD//2724782784/,SUSPICIOUS,11,11% suspicious - URL length is above normal,
6,smilesvoegol.servebbs.org/voegol.php,https://smilesvoegol.servebbs.org/voegol.php,SAFE,6,6% safe - Targets dynamic script endpoint,
7,premierpaymentprocessing.com/includes/boleto-2via-07-2012.php,https://premierpaymentprocessing.com/includes/boleto-2via-07-2012.php,SUSPICIOUS,23,23% suspicious - Contains risky words,
8,myxxxcollection.com/v1/js/jih321/bpd.com.do/do/l.popular.php,https://myxxxcollection.com/v1/js/jih321/bpd.com.do/do/l.popular.php,SAFE,8,8% safe - URL has multiple dot segments,
9,super1000.info/docs,https://super1000.info/docs,SAFE,4,4% safe,
10,horizonsgallery.com/js/bin/ssl1/_id/www.paypal.com/fr/cgi-bin/webscr/cmd=_registration-run/login.php?cmd=_login-run&amp;dispatch=1471c4bdb044ae2be9e2fc3ec514b88b1471c4bdb044ae2be9e2fc3ec514b88b,https://horizonsgallery.com/js/bin/ssl1/_id/www.paypal.com/fr/cgi-bin/webscr/cmd=_registration-run/login.php?cmd=_login-run&amp;dispatch=1471c4bdb044ae2be9e2fc3ec514b88b1471c4bdb044ae2be9e2fc3ec514b88b,SUSPICIOUS,50,50% suspicious - Contains risky words,
11,phlebolog.com.ua/libraries/joomla/results.php,https://phlebolog.com.ua/libraries/joomla/results.php,SAFE,6,6% safe - Targets dynamic script endpoint,
12,docs.google.com/spreadsheet/viewform?formkey=dE5rVEdSV2pBdkpSRy11V3o2eDdwbnc6MQ,https://docs.google.com/spreadsheet/viewform?formkey=dE5rVEdSV2pBdkpSRy11V3o2eDdwbnc6MQ,SAFE,0,Safe link,
13,www.coincoele.com.br/Scripts/smiles/?pt-br/Paginas/default.aspx,https://www.coincoele.com.br/Scripts/smiles/?pt-br/Paginas/default.aspx,SAFE,4,4% safe,
14,www.henkdeinumboomkwekerij.nl/language/pdf_fonts/smiles.php,https://www.henkdeinumboomkwekerij.nl/language/pdf_fonts/smiles.php,SAFE,6,6% safe - Targets dynamic script endpoint,
15,perfectsolutionofall.net/wp-content/themes/twentyten/wiresource/,https://perfectsolutionofall.net/wp-content/themes/twentyten/wiresource/,SAFE,4,4% safe,
16,lingshc.com/old_aol.1.3/?Login=&amp;Lis=10&amp;LigertID=1993745&amp;us=1,https://lingshc.com/old_aol.1.3/?Login=&amp;Lis=10&amp;LigertID=1993745&amp;us=1,SUSPICIOUS,33,33% suspicious - Contains risky words,
17,anonymeidentity.net/remax./remax.htm,https://anonymeidentity.net/remax./remax.htm,SAFE,4,4% safe,
18,dutchweb.gtphost.com/zimbra/exch/owa/uleth/index.html,https://dutchweb.gtphost.com/zimbra/exch/owa/uleth/index.html,SAFE,4,4% safe,
19,www.avedeoiro.com/site/plugins/chase/,https://www.avedeoiro.com/site/plugins/chase/,SAFE,4,4% safe,
20,asladconcentration.com/paplkuk1/webscrcmd=_home-customer&nav=1/,https://asladconcentration.com/paplkuk1/webscrcmd=_home-customer&nav=1/,SAFE,8,8% safe - URL contains several special characters,
21,www.regaranch.info/grafika/file/2012/atualizacao/www.itau.com.br/,https://www.regaranch.info/grafika/file/2012/atualizacao/www.itau.com.br/,SAFE,6,6% safe - URL has multiple dot segments,
22,optimistic-pessimism.com/aoluserupdatealert.info.htm,https://optimistic-pessimism.com/aoluserupdatealert.info.htm,SUSPICIOUS,12,12% suspicious - Contains risky words,
23,mercadolivre.com.br.premiosfidelidade2012.com.br/confirmar/,https://mercadolivre.com.br.premiosfidelidade2012.com.br/confirmar/,SUSPICIOUS,16,16% suspicious - Contains risky words,
24,www.everythinggoingon.net/~gpeveryt/home/Email/,https://www.everythinggoingon.net/~gpeveryt/home/Email/,SAFE,4,4% safe,
25,mercadolivre.com.br.premiosfidelidade2012.com.br/,https://mercadolivre.com.br.premiosfidelidade2012.com.br/,SAFE,6,6% safe - URL has multiple dot segments,
26,www.revitolcream.org/wp-content/plugins/all-in-one-seo-pack/rex/secure-code17/security/,https://www.revitolcream.org/wp-content/plugins/all-in-one-seo-pack/rex/secure-code17/security/,SUSPICIOUS,25,25% suspicious - Contains risky words,
27,jameshowardmusic.com/wp-content/themes/widescreen/includes/cache/bbnew/bb.php,https://jameshowardmusic.com/wp-content/themes/widescreen/includes/cache/bbnew/bb.php,SUSPICIOUS,11,11% suspicious - URL length is moderately high,
28,xini.eu/00Qe,https://xini.eu/00Qe,SAFE,4,4% safe,
29,myxxxcollection.com/v1/js/555klisdr/bpd.com.do/do/l.popular.php,https://myxxxcollection.com/v1/js/555klisdr/bpd.com.do/do/l.popular.php,SUSPICIOUS,12,12% suspicious - URL has multiple dot segments,
30,paypal.com.cgi.bin.webscr.cmd.login.submit.dispatch.5885d80a13c03faee8dcbcd55a50598f04d34b4bf5tt1.mediareso.com/secure-code90/security/,https://paypal.com.cgi.bin.webscr.cmd.login.submit.dispatch.5885d80a13c03faee8dcbcd55a50598f04d34b4bf5tt1.mediareso.com/secure-code90/security/,SUSPICIOUS,51,51% suspicious - Contains risky words,
31,ebayisapidlld.altervista.org/,https://ebayisapidlld.altervista.org/,SAFE,4,4% safe,
32,horizonsgallery.com/js/bin/ssl/_id/www.paypal.com/fr/cgi-bin/webscr/cmd=_registration-run/login.php?cmd=_login-run&dispatch=7adb89899b4614aec6715340ae31adce7adb89899b4614aec6715340ae31adce,https://horizonsgallery.com/js/bin/ssl/_id/www.paypal.com/fr/cgi-bin/webscr/cmd=_registration-run/login.php?cmd=_login-run&dispatch=7adb89899b4614aec6715340ae31adce7adb89899b4614aec6715340ae31adce,SUSPICIOUS,50,50% suspicious - Contains risky words,
33,www.revitolcream.org/wp-content/plugins/all-in-one-seo-pack/rex/secure-code5/security/login.php,https://www.revitolcream.org/wp-content/plugins/all-in-one-seo-pack/rex/secure-code5/security/login.php,SUSPICIOUS,52,52% suspicious - Contains risky words,
34,sontemeda.altervista.org/paypinoko/paypinoko/procesing.php,https://sontemeda.altervista.org/paypinoko/paypinoko/procesing.php,SAFE,6,6% safe - Targets dynamic script endpoint,
35,promusic.co/components/interbank.com/,https://promusic.co/components/interbank.com/,SUSPICIOUS,12,12% suspicious - Contains risky words,
36,uvb.lg.ua/templates/a216/.PayPaI/e9d83d4fd35ff9d702196ab514573999/,https://uvb.lg.ua/templates/a216/.PayPaI/e9d83d4fd35ff9d702196ab514573999/,SAFE,6,6% safe - Contains randomized path token,
37,docs.google.com/a/unmsm.edu.pe/spreadsheet/viewform?formkey=dEZoOXQwTzFkaUJCRTdhVlA3cTAyV1E6MQ,https://docs.google.com/a/unmsm.edu.pe/spreadsheet/viewform?formkey=dEZoOXQwTzFkaUJCRTdhVlA3cTAyV1E6MQ,SAFE,0,Safe link,
38,remax.com.behinehsazerooyesh.com/remax/index.htm,https://remax.com.behinehsazerooyesh.com/remax/index.htm,SAFE,6,6% safe - URL has multiple dot segments,
39,www.aclaydance.com/ncpf.php,https://www.aclaydance.com/ncpf.php,SAFE,6,6% safe - Targets dynamic script endpoint,
40,phamxuanlinh.tk/secure-code8/security/login.php,https://phamxuanlinh.tk/secure-code8/security/login.php,SUSPICIOUS,50,50% suspicious - Contains risky words,
41,stthomasedu.ucoz.ua/microsoft.htm,https://stthomasedu.ucoz.ua/microsoft.htm,SAFE,4,4% safe,
42,www.procedimentotamfidelidade.com/regulamento/new/processo/atualiza/sacfidelidade/id=1714/,https://www.procedimentotamfidelidade.com/regulamento/new/processo/atualiza/sacfidelidade/id=1714/,SAFE,8,8% safe - URL length is moderately high,
43,paypal.com.us.cgi.bin.webscr.cmd.login.submit.bx3digitallp.com/Review/3a3e3c4dba5e5cc4407a5694adf1aa8e/,https://paypal.com.us.cgi.bin.webscr.cmd.login.submit.bx3digitallp.com/Review/3a3e3c4dba5e5cc4407a5694adf1aa8e/,SUSPICIOUS,33,33% suspicious - Contains risky words,
44,tinyurl.com/bswqloj,https://tinyurl.com/bswqloj,SUSPICIOUS,15,15% suspicious - Uses a shortened link,
45,users11.jabry.com/blopp/Aolupdate.htm,https://users11.jabry.com/blopp/Aolupdate.htm,SUSPICIOUS,12,12% suspicious - Contains risky words,
46,tad.ly/BUpQLx,https://tad.ly/BUpQLx,SAFE,4,4% safe,
47,professionalcrapsplayer.com/upgrade/logins/Trulia/index.htm,https://professionalcrapsplayer.com/upgrade/logins/Trulia/index.htm,SUSPICIOUS,12,12% suspicious - Contains risky words,
48,westerncentermuseum.org/plugins/tmp/sp.php,https://westerncentermuseum.org/plugins/tmp/sp.php,SAFE,6,6% safe - Targets dynamic script endpoint,
49,cardpromocion2012.com.br/vaidevisa/asp/conta/participe/autentica/autentica.php,https://cardpromocion2012.com.br/vaidevisa/asp/conta/participe/autentica/autentica.php,SUSPICIOUS,20,20% suspicious - Contains risky words,
50,portalsalinas.com.br/modules/mod_acepolls/spam.php,https://portalsalinas.com.br/modules/mod_acepolls/spam.php,SAFE,6,6% safe - Targets dynamic script endpoint,
51,trigononline.com/Support.php,https://trigononline.com/Support.php,SAFE,6,6% safe - Targets dynamic script endpoint,
52,docs.google.com/spreadsheet/viewform?formkey=dG9xR28xLUp1R2JPbmpRYjFGc2lmanc6MQ,https://docs.google.com/spreadsheet/viewform?formkey=dG9xR28xLUp1R2JPbmpRYjFGc2lmanc6MQ,SAFE,0,Safe link,
53,nextgensmartphones.com//indexer/Trulia/index.htm,https://nextgensmartphones.com//indexer/Trulia/index.htm,SAFE,4,4% safe,
54,lunatic-photography.opidum.de//wp-content/plugins/formulario.php,https://lunatic-photography.opidum.de//wp-content/plugins/formulario.php,SAFE,6,6% safe - Targets dynamic script endpoint,
55,users11.jabry.com/reaseo/Aolupdate.htm,https://users11.jabry.com/reaseo/Aolupdate.htm,SUSPICIOUS,12,12% suspicious - Contains risky words,
56,tinyurl.com/c5br4qc,https://tinyurl.com/c5br4qc,SUSPICIOUS,19,19% suspicious - Uses a shortened link,
57,www.allandmedia.com/opencart/system/Cielo/index.html,https://www.allandmedia.com/opencart/system/Cielo/index.html,SAFE,4,4% safe,
58,www.hoskoyu.net/images/AolMail.htm,https://www.hoskoyu.net/images/AolMail.htm,SAFE,4,4% safe,
59,www.russel.sk/menuonlineprivado/,https://www.russel.sk/menuonlineprivado/,SAFE,4,4% safe,
60,www.bpoaccess.com/components/com_newsfeeds/cadastro.php,https://www.bpoaccess.com/components/com_newsfeeds/cadastro.php,SAFE,6,6% safe - Targets dynamic script endpoint,
61,maryhoffmann.com/hsbc/hsbc.MyHSBC_pib.htm,https://maryhoffmann.com/hsbc/hsbc.MyHSBC_pib.htm,SAFE,4,4% safe,
62,extraordinarybirds.com/vb/Trulia/index.htm,https://extraordinarybirds.com/vb/Trulia/index.htm,SAFE,4,4% safe,
63,apajufe.com.br/www.cielo.com.br/index.php,https://apajufe.com.br/www.cielo.com.br/index.php,SUSPICIOUS,10,10% suspicious - URL has many dot segments,
64,distritabas.com.ar/survey/webscr.php?cmd=_login-run&dispatch=5885d80a13c0db1f1ff80d546411d7f8a8350c132bc41e0934cfc023d4e8f9e5bd76c88f5c3439f2e55b7639f529ccb3bd76c88f5c3439f2e55b7639f529ccb3,https://distritabas.com.ar/survey/webscr.php?cmd=_login-run&dispatch=5885d80a13c0db1f1ff80d546411d7f8a8350c132bc41e0934cfc023d4e8f9e5bd76c88f5c3439f2e55b7639f529ccb3bd76c88f5c3439f2e55b7639f529ccb3,SUSPICIOUS,38,38% suspicious - Contains risky words,
65,www.pichincha.initi.in/internexo/jsp/loginbiometrico/loginBiometrico.jsp,https://www.pichincha.initi.in/internexo/jsp/loginbiometrico/loginBiometrico.jsp,SUSPICIOUS,16,16% suspicious - Contains risky words,
66,www.gestion-des-impayes.com/visuel.php?param=iK1/I3EkRQjb1KxExSxoEkRQjb1KwEibjkbvI/EkRQjb1KxESFFSEkRQjb1KwEiQI3bi3EkRQjb1KxErSCorxCrEkRQjb1KwE3sk/lPbY/EkRQjb1KxExEkRQjb1KwE1glibjkb,https://www.gestion-des-impayes.com/visuel.php?param=iK1/I3EkRQjb1KxExSxoEkRQjb1KwEibjkbvI/EkRQjb1KxESFFSEkRQjb1KwEiQI3bi3EkRQjb1KxErSCorxCrEkRQjb1KwE3sk/lPbY/EkRQjb1KxExEkRQjb1KwE1glibjkb,SUSPICIOUS,18,18% suspicious - URL is unusually long,
67,melodylove.ru/images/stories/style/s/,https://melodylove.ru/images/stories/style/s/,SAFE,4,4% safe,
68,www.dd.gostynin.edu.pl/images/smilies/Gbplugin.php,https://www.dd.gostynin.edu.pl/images/smilies/Gbplugin.php,SAFE,8,8% safe - URL has multiple dot segments,
69,portalfidelidade.net/linhasaereas/areadocliente/autenticado/siteseguro/cadastre-se/gratis/promocoes/novas/t.a.m/boasorte.asp/,https://portalfidelidade.net/linhasaereas/areadocliente/autenticado/siteseguro/cadastre-se/gratis/promocoes/novas/t.a.m/boasorte.asp/,SUSPICIOUS,18,18% suspicious - URL is unusually long,
70,mindfulsolutionsinc.com/red/lov.html.draft,https://mindfulsolutionsinc.com/red/lov.html.draft,SAFE,4,4% safe,
71,account.craigjsilist.org/blog/login/index.php,https://account.craigjsilist.org/blog/login/index.php,SUSPICIOUS,24,24% suspicious - Contains risky words,
72,optimalit.co.uk/wp-content/uploads/2012/07/24/review.php,https://optimalit.co.uk/wp-content/uploads/2012/07/24/review.php,SAFE,6,6% safe - Targets dynamic script endpoint,
73,gplayr.com/pub/www.paypal.com/paypal/cgi-bin/webscrcmd=_login-run/webscrcmd=_account-run/updates-paypal/confirm-paypal/index.htm,https://gplayr.com/pub/www.paypal.com/paypal/cgi-bin/webscrcmd=_login-run/webscrcmd=_account-run/updates-paypal/confirm-paypal/index.htm,SUSPICIOUS,63,63% suspicious - Contains risky words,
74,'motors.shop.ebay.com-cars-trucks-724527.jnq3.com/?Body\%20Type=truck&_dmpt=US_car_truck&_mqf=0&_qfkw=1&_fpos=95616&_lsbx=0&_fspt=0&_flso=0&Make=Toyota&_trksid=p1695235.m724&pid=tac2',https://'motors.shop.ebay.com-cars-trucks-724527.jnq3.com/?Body\%20Type=truck&_dmpt=US_car_truck&_mqf=0&_qfkw=1&_fpos=95616&_lsbx=0&_fspt=0&_flso=0&Make=Toyota&_trksid=p1695235.m724&pid=tac2',SUSPICIOUS,18,18% suspicious - Invalid or incomplete link,
75,thaiyogajourney.com/plugins/content/backup/lloydstsb.co.uk/login.jsp.htm,https://thaiyogajourney.com/plugins/content/backup/lloydstsb.co.uk/login.jsp.htm,SUSPICIOUS,16,16% suspicious - Contains risky words,
76,www.meor.org/wp-includes/images/crystal/login.html,https://www.meor.org/wp-includes/images/crystal/login.html,SUSPICIOUS,12,12% suspicious - Contains risky words,
77,raboardiendo.es/cmd/paypal/2/897962b2c7faf34e7f2d8353af8bdf4e/webscr.html?cmd=5885d80a13c0db1f22d2300ef60a67593b79a4d03747447e6b625328d36121a16bef586b4cee084cb52c28011ecf68066bef586b4cee084cb52c28011ecf6806,https://raboardiendo.es/cmd/paypal/2/897962b2c7faf34e7f2d8353af8bdf4e/webscr.html?cmd=5885d80a13c0db1f22d2300ef60a67593b79a4d03747447e6b625328d36121a16bef586b4cee084cb52c28011ecf68066bef586b4cee084cb52c28011ecf6806,SUSPICIOUS,12,12% suspicious - URL is unusually long,
78,dansk-4571.com/DK/,https://dansk-4571.com/DK/,SAFE,4,4% safe,
79,www.mbine.com/es/TLBS/tlbs/esp/segmento/particulares=JSP91/index.html,https://www.mbine.com/es/TLBS/tlbs/esp/segmento/particulares=JSP91/index.html,SAFE,7,7% safe - URL contains several special characters,
80,shopgreenmall.net/tomatodesign.net/images/Design/hsbc/hsbc.MyHSBC_pib.htm,https://shopgreenmall.net/tomatodesign.net/images/Design/hsbc/hsbc.MyHSBC_pib.htm,SAFE,6,6% safe - URL has multiple dot segments,
81,click2.cardmemberservices.com/963227831.16589.723931113775.130,https://click2.cardmemberservices.com/963227831.16589.723931113775.130,SUSPICIOUS,16,16% suspicious - Contains risky words,
82,www.eunsonair.com//login.html,https://www.eunsonair.com//login.html,SUSPICIOUS,12,12% suspicious - Contains risky words,
83,www.wallhome.com/M5.php,https://www.wallhome.com/M5.php,SAFE,6,6% safe - Targets dynamic script endpoint,
84,simplyshmellies.com/magento/shell/act.php,https://simplyshmellies.com/magento/shell/act.php,SAFE,6,6% safe - Targets dynamic script endpoint,
85,www.sexymalaysia.com/assets/bbva/compass.htm,https://www.sexymalaysia.com/assets/bbva/compass.htm,SAFE,4,4% safe,
86,www.vanessajanemaldonado.com//wp-content/wp.secure.php,https://www.vanessajanemaldonado.com//wp-content/wp.secure.php,SUSPICIOUS,16,16% suspicious - Contains risky words,
87,docs.google.com/a/airtelmail.in/spreadsheet/viewform?formkey=dGt3aG9PNXdhekNLNzZoZ1h2TUFmTUE6MQ,https://docs.google.com/a/airtelmail.in/spreadsheet/viewform?formkey=dGt3aG9PNXdhekNLNzZoZ1h2TUFmTUE6MQ,SAFE,0,Safe link,
88,'www.gestion-des-impayes.com/visuel.php?param=iK1/I3EkRQjb1KxExSxoEkRQjb1KwEibjkbvI/EkRQjb1KxESFFSEkRQjb1KwEiQI3bi3EkRQjb1KxErSCorxCrEkRQjb1KwE3sk/lPbY/EkRQjb1KxExEkRQjb1KwE1glibjkb vI/EkRQjb1KxESFFS',https://'www.gestion-des-impayes.com/visuel.php?param=iK1/I3EkRQjb1KxExSxoEkRQjb1KwEibjkbvI/EkRQjb1KxESFFSEkRQjb1KwEiQI3bi3EkRQjb1KxErSCorxCrEkRQjb1KwE3sk/lPbY/EkRQjb1KxExEkRQjb1KwE1glibjkb vI/EkRQjb1KxESFFS',SUSPICIOUS,18,18% suspicious - Invalid or incomplete link,
89,elshadayeletronicos.com/abn-amro/identification/,https://elshadayeletronicos.com/abn-amro/identification/,SAFE,4,4% safe,
90,www.sisimtel.com.mx/ecommerce/images/.../freebank/myposte/index.html?MfcISAPICommand=SignInFPP&UsingSSL=1&email=&userid=,https://www.sisimtel.com.mx/ecommerce/images/.../freebank/myposte/index.html?MfcISAPICommand=SignInFPP&UsingSSL=1&email=&userid=,SUSPICIOUS,52,52% suspicious - Contains risky words,
91,www.stacksofplaques.net/catalog/images/.banners/index.php,https://www.stacksofplaques.net/catalog/images/.banners/index.php,SAFE,6,6% safe - Targets dynamic script endpoint,
92,numberoneclubbombastic.com/wp-includes/js/actualizare.php?cmd=_login-run&dispatch=5885d80a13c0db1f1ff80d546411d7f84f1036d8f209d3d19ebb6f4eeec8bd0e2664736d79a9e4e99b7f2380234457562664736d79a9e4e99b7f238023445756,https://numberoneclubbombastic.com/wp-includes/js/actualizare.php?cmd=_login-run&dispatch=5885d80a13c0db1f1ff80d546411d7f84f1036d8f209d3d19ebb6f4eeec8bd0e2664736d79a9e4e99b7f2380234457562664736d79a9e4e99b7f238023445756,SUSPICIOUS,38,38% suspicious - Contains risky words,
93,contact-verified-information.net/en-ligne-verifie-verifiedbyvisa-eu-informations_lu/perso.php,https://contact-verified-information.net/en-ligne-verifie-verifiedbyvisa-eu-informations_lu/perso.php,SUSPICIOUS,14,14% suspicious - URL length is above normal,
94,leuie.5gbfree.com/index.html,https://leuie.5gbfree.com/index.html,SAFE,4,4% safe,
95,ntcrulz.5gbfree.com/fb/,https://ntcrulz.5gbfree.com/fb/,SAFE,4,4% safe,
96,rsaxena.5gbfree.com/facebook.html,https://rsaxena.5gbfree.com/facebook.html,SAFE,4,4% safe,
97,steamcommunity-giveaway.my3gb.com,https://steamcommunity-giveaway.my3gb.com,SAFE,4,4% safe,
98,steamglfts.h16.ru,https://steamglfts.h16.ru,SAFE,4,4% safe,
99,steamglfts.hut2.ru/,https://steamglfts.hut2.ru/,SAFE,4,4% safe,
100,vinzajah.5gbfree.com/login.php,https://vinzajah.5gbfree.com/login.php,SUSPICIOUS,16,16% suspicious - Contains risky words,
101,vk-krasota.hut2.ru,https://vk-krasota.hut2.ru,SAFE,4,4% safe,
102,bellicapelliweb.it/libraries/domit/webscr/webscr.html?cmd=5885d80a13c0db1f22d2300ef60a67593b79a4d03747447e6b625328d36121a1904f6e09d7fc404feaee06547b2c8274904f6e09d7fc404feaee06547b2c8274,https://bellicapelliweb.it/libraries/domit/webscr/webscr.html?cmd=5885d80a13c0db1f22d2300ef60a67593b79a4d03747447e6b625328d36121a1904f6e09d7fc404feaee06547b2c8274904f6e09d7fc404feaee06547b2c8274,SUSPICIOUS,10,10% suspicious - URL is unusually long,
103,vk-psich.hut2.ru,https://vk-psich.hut2.ru,SAFE,4,4% safe,
104,uvb.lg.ua/templates/a216/.PayPaI/fd60358464c1f6411c44e5bf6e28ff0c/,https://uvb.lg.ua/templates/a216/.PayPaI/fd60358464c1f6411c44e5bf6e28ff0c/,SAFE,6,6% safe - Contains randomized path token,
105,mmilogistics.net/preview/bin/ssl/_id/www.paypal.com/fr/cgi-bin/webscr/cmd=_registration-run/,https://mmilogistics.net/preview/bin/ssl/_id/www.paypal.com/fr/cgi-bin/webscr/cmd=_registration-run/,SUSPICIOUS,13,13% suspicious - URL length is above normal,
106,mmilogistics.net/preview/bin/ssl/_id/www.paypal.com/fr/cgi-bin/webscr/cmd=_registration-run,https://mmilogistics.net/preview/bin/ssl/_id/www.paypal.com/fr/cgi-bin/webscr/cmd=_registration-run,SUSPICIOUS,13,13% suspicious - URL length is above normal,
107,vklife.hut2.ru,https://vklife.hut2.ru,SAFE,4,4% safe,
108,docs.google.com/spreadsheet/viewform?formkey=dGxqZEI0eTB5N0lzMC1EbUdKdmRUamc6MQ,https://docs.google.com/spreadsheet/viewform?formkey=dGxqZEI0eTB5N0lzMC1EbUdKdmRUamc6MQ,SAFE,0,Safe link,
109,sysgo.com.ve/shop/modules/sendtoafriend/smg/index.html,https://sysgo.com.ve/shop/modules/sendtoafriend/smg/index.html,SAFE,4,4% safe,
110,wlservices.fr/css/webscr.php?cmd=_login-run&dispatch=5885d80a13c0db1f1ff80d546411d7f84f1036d8f209d3d19ebb6f4eeec8bd0e58f68c371b0c6dfb0c971e2b6492d5d658f68c371b0c6dfb0c971e2b6492d5d6,https://wlservices.fr/css/webscr.php?cmd=_login-run&dispatch=5885d80a13c0db1f1ff80d546411d7f84f1036d8f209d3d19ebb6f4eeec8bd0e58f68c371b0c6dfb0c971e2b6492d5d658f68c371b0c6dfb0c971e2b6492d5d6,SUSPICIOUS,38,38% suspicious - Contains risky words,
111,informationconcernant.x11s.org/verifier/etap1.html?u=xwww.visaeurope.fr/espace-client/mes-donnees-personnelles?rpsnv,https://informationconcernant.x11s.org/verifier/etap1.html?u=xwww.visaeurope.fr/espace-client/mes-donnees-personnelles?rpsnv,SUSPICIOUS,53,53% suspicious - Contains redirect to another link,
112,tinyurl.com/bsebhuz,https://tinyurl.com/bsebhuz,SUSPICIOUS,15,15% suspicious - Uses a shortened link,
113,www.boat-importers-australia.com.au/wp-includes/css/service.htm,https://www.boat-importers-australia.com.au/wp-includes/css/service.htm,SAFE,4,4% safe,
114,www.scarboroughmechanical.com/irs/,https://www.scarboroughmechanical.com/irs/,SAFE,4,4% safe,
115,paypal.co.uk.online.aacounts.updates.internet.service.electro-obras.com.pe/webscr.php?cmd=_login-,https://paypal.co.uk.online.aacounts.updates.internet.service.electro-obras.com.pe/webscr.php?cmd=_login-,SAFE,0,Ignored internal link,
116,www.udc.an/wp-includes/js/tinymce/themes/advanced/img/link.htm,https://www.udc.an/wp-includes/js/tinymce/themes/advanced/img/link.htm,SAFE,7,7% safe - URL contains several special characters,
117,paypal.com.us.cgi.bin.webscr.cmd.login-submit.dispatch.5885d80a13c0db1f8e263663d3faee8d7283e7f0184a5674430.f290db9.e9c846.588412.bandarepudio.com.br/rex/secure-code165/security/,https://paypal.com.us.cgi.bin.webscr.cmd.login-submit.dispatch.5885d80a13c0db1f8e263663d3faee8d7283e7f0184a5674430.f290db9.e9c846.588412.bandarepudio.com.br/rex/secure-code165/security/,SUSPICIOUS,51,51% suspicious - Contains risky words,
118,home.comcast.net/~cfallows1/ISAPIdllCustomerSupport&ambaybuyerprotectionpoliciesindex4.html.draft,https://home.comcast.net/~cfallows1/ISAPIdllCustomerSupport&ambaybuyerprotectionpoliciesindex4.html.draft,SUSPICIOUS,10,10% suspicious - URL length is above normal,
119,secure.pay-pal-comfort.de/index.php?cmd=secure&amp;CONNECTION=HAhadu489DHajdjahhUh73ad5XqhkH4kgWqMwwO6m2fkG04qTb4Yeaufcq&amp;pay-pal=50a222a5775345a3d7b60623adasde0b7e69bf0224adecfb0124e9b61f737b353575a38b40b7ec79a0179e3b8dasdadf35,https://secure.pay-pal-comfort.de/index.php?cmd=secure&amp;CONNECTION=HAhadu489DHajdjahhUh73ad5XqhkH4kgWqMwwO6m2fkG04qTb4Yeaufcq&amp;pay-pal=50a222a5775345a3d7b60623adasde0b7e69bf0224adecfb0124e9b61f737b353575a38b40b7ec79a0179e3b8dasdadf35,SUSPICIOUS,38,38% suspicious - Contains risky words,
120,sz7i.com/paypal.com.au.q/webscr.html?cmd=SignIn&co_partnerId=2&pUserId=&siteid=0&pageType=&pa1=&i1=&bshowgif=&UsingSSL=&ru=&pp=&pa2=&errmsg=&runameMessage-ID:,https://sz7i.com/paypal.com.au.q/webscr.html?cmd=SignIn&co_partnerId=2&pUserId=&siteid=0&pageType=&pa1=&i1=&bshowgif=&UsingSSL=&ru=&pp=&pa2=&errmsg=&runameMessage-ID:,SUSPICIOUS,52,52% suspicious - Contains risky words,
121,paypal-online.de/index.html?paypal-scure=connection&amp;sessionnr=uadhjahu4hbaBa6dtGGdazgh46D&amp;A6asgdad6Gd6AGSdAGdg7agd7ga7sd64g3&amp;secure=8a8sduuh4aDASdhuehDAdh7h3JAHDAShd3hHJjadsjha-paypal-deJahsdajsdhj3hjasbBJABdj,https://paypal-online.de/index.html?paypal-scure=connection&amp;sessionnr=uadhjahu4hbaBa6dtGGdazgh46D&amp;A6asgdad6Gd6AGSdAGdg7agd7ga7sd64g3&amp;secure=8a8sduuh4aDASdhuehDAdh7h3JAHDAShd3hHJjadsjha-paypal-deJahsdajsdhj3hjasbBJABdj,SUSPICIOUS,52,52% suspicious - Looks similar to a known brand,
122,secure.pay-pal-comfort.de/index.php?paypal=safe&amp;connection=83ahdJahdhhsuaduazTZasdhgH-pay-pal.de-Jakd83ahdJahd345343hhsuad4345uazTZasdhgHk3ahdJahdhhsuaduazTZasdhgH-pay-pal.de-Jakd83ahdJahd345343hhajs,https://secure.pay-pal-comfort.de/index.php?paypal=safe&amp;connection=83ahdJahdhhsuaduazTZasdhgH-pay-pal.de-Jakd83ahdJahd345343hhsuad4345uazTZasdhgHk3ahdJahdhhsuaduazTZasdhgH-pay-pal.de-Jakd83ahdJahd345343hhajs,SUSPICIOUS,50,50% suspicious - Contains risky words,
123,artofrodnymella.com/soc/userinfo/,https://artofrodnymella.com/soc/userinfo/,SAFE,4,4% safe,
124,paypal.com.us.cgi.bin.webscr.cmd.login.submit.bx3digitallp.com/Review/56a56d0c72ca057b293ee8964b9d13be/,https://paypal.com.us.cgi.bin.webscr.cmd.login.submit.bx3digitallp.com/Review/56a56d0c72ca057b293ee8964b9d13be/,SUSPICIOUS,33,33% suspicious - Contains risky words,
125,www.paypal.com.uscgi-bin.webscr.cmd.login-submit.dispatch.97c8e6d0d14f43b296fdbdb6189c802954b1267956048.suenacristo.com/64208031cb708813b3d774f3c7f098a3/,https://www.paypal.com.uscgi-bin.webscr.cmd.login-submit.dispatch.97c8e6d0d14f43b296fdbdb6189c802954b1267956048.suenacristo.com/64208031cb708813b3d774f3c7f098a3/,SUSPICIOUS,40,40% suspicious - Contains risky words,
126,paypal.com.us.cgi.bin.webscr.cmd.login.member.verifed.interhottap.com.mx/54855458214/ec3c38df1b6f9e413ed3d6dcb693d36d/,https://paypal.com.us.cgi.bin.webscr.cmd.login.member.verifed.interhottap.com.mx/54855458214/ec3c38df1b6f9e413ed3d6dcb693d36d/,SUSPICIOUS,33,33% suspicious - Contains risky words,
127,bridge-afrik.com/soc/userinfo/,https://bridge-afrik.com/soc/userinfo/,SAFE,4,4% safe,
128,www.vis-ph.com/wp-admin/maint/index.html?section=signinpage&amp;=&amp;cookiecheck=yes&amp;=nba/signin,https://www.vis-ph.com/wp-admin/maint/index.html?section=signinpage&amp;=&amp;cookiecheck=yes&amp;=nba/signin,SUSPICIOUS,30,30% suspicious - Contains risky words,
129,www.koumuzik.org/ulk/templates/ja_larix/ja_menus/ja_moomenu/img/security/c0773f49e8c56ca3846febc55a576a83/,https://www.koumuzik.org/ulk/templates/ja_larix/ja_menus/ja_moomenu/img/security/c0773f49e8c56ca3846febc55a576a83/,SUSPICIOUS,13,13% suspicious - URL length is above normal,
130,tom-burns.com/absa_better_returng/index.php,https://tom-burns.com/absa_better_returng/index.php,SAFE,6,6% safe - Targets dynamic script endpoint,
131,paypal.com.cgi.bin.webscr.cmd.login.submit.dispatch.5885d80a13c03faee8dcbcd55a50598f04d34b4bf5tt1.mediareso.com/secure-code10/security/,https://paypal.com.cgi.bin.webscr.cmd.login.submit.dispatch.5885d80a13c03faee8dcbcd55a50598f04d34b4bf5tt1.mediareso.com/secure-code10/security/,SUSPICIOUS,51,51% suspicious - Contains risky words,
132,paypal.com.cgi.bin.webscr.cmd.login.submit.dispatch.5885d80a13c03faee8dcbcd55a50598f04d34b4bf5tt1.mediareso.com/,https://paypal.com.cgi.bin.webscr.cmd.login.submit.dispatch.5885d80a13c03faee8dcbcd55a50598f04d34b4bf5tt1.mediareso.com/,SUSPICIOUS,28,28% suspicious - Contains risky words,
133,www.emotionalvirtue.com/paypal.com.login-submit.dispatch.588235d80a13c0db1f8e263663d3faee8d43b1bb6ca6e/secure-code203/security/,https://www.emotionalvirtue.com/paypal.com.login-submit.dispatch.588235d80a13c0db1f8e263663d3faee8d43b1bb6ca6e/secure-code203/security/,SUSPICIOUS,47,47% suspicious - Contains risky words,
134,www.emotionalvirtue.com/paypal.com.login-submit.dispatch.588235d80a13c0db1f8e263663d3faee8d43b1bb6ca6e/,https://www.emotionalvirtue.com/paypal.com.login-submit.dispatch.588235d80a13c0db1f8e263663d3faee8d43b1bb6ca6e/,SUSPICIOUS,29,29% suspicious - Contains risky words,
135,jennys.com.bd/Information/login.php,https://jennys.com.bd/Information/login.php,SUSPICIOUS,16,16% suspicious - Contains risky words,
136,www.paypai.com-service.confirm.cgi-bin.w2bscr-cmd.login.submit.new-load.5885d80a13c0db1f8e263663d3faee8dcbcd55a50598f.agled.com.ar/paypai-login/service/dir.php,https://www.paypai.com-service.confirm.cgi-bin.w2bscr-cmd.login.submit.new-load.5885d80a13c0db1f8e263663d3faee8dcbcd55a50598f.agled.com.ar/paypai-login/service/dir.php,SAFE,0,Ignored internal link,
137,www.paypai.com-service.confirm.cgi-bin.w2bscr-cmd.login.submit.new-load.5885d80a13c0db1f8e263663d3faee8dcbcd55a50598f.agled.com.ar/paypai-login/service/Limit15/,https://www.paypai.com-service.confirm.cgi-bin.w2bscr-cmd.login.submit.new-load.5885d80a13c0db1f8e263663d3faee8dcbcd55a50598f.agled.com.ar/paypai-login/service/Limit15/,SAFE,0,Ignored internal link,
138,www.paypai.com-service.confirm.cgi-bin.w2bscr-cmd.login.submit.new-load.5885d80a13c0db1f8e263663d3faee8dcbcd55a50598f.agled.com.ar/paypai-login/service/Restart.php,https://www.paypai.com-service.confirm.cgi-bin.w2bscr-cmd.login.submit.new-load.5885d80a13c0db1f8e263663d3faee8dcbcd55a50598f.agled.com.ar/paypai-login/service/Restart.php,SAFE,0,Ignored internal link,
139,www.danatranslation.com/modules/pp/,https://www.danatranslation.com/modules/pp/,SAFE,4,4% safe,
140,www.remisereduc.com/test/ssi/webscr.php?cmd=_login-run&dispatch=5885d80a13c0db1f1ff80d546411d7f84f1036d8f209d3d19ebb6f4eeec8bd0e0ec384b985d8255691b6e0e8c08646a70ec384b985d8255691b6e0e8c08646a7,https://www.remisereduc.com/test/ssi/webscr.php?cmd=_login-run&dispatch=5885d80a13c0db1f1ff80d546411d7f84f1036d8f209d3d19ebb6f4eeec8bd0e0ec384b985d8255691b6e0e8c08646a70ec384b985d8255691b6e0e8c08646a7,SUSPICIOUS,38,38% suspicious - Contains risky words,
141,paypal.com.cgi-bin.login1589114111g859f.sonreir.cl/paypal/2/26331542f170e682e1bbdc535bedbb6b/webscr.html?cmd=5885d80a13c0db1f22d2300ef60a67593b79a4d03747447e6b625328d36121a16e133dc34bbf944d0054e13621ea39f76e133dc34bbf944d0054e13621ea39f7,https://paypal.com.cgi-bin.login1589114111g859f.sonreir.cl/paypal/2/26331542f170e682e1bbdc535bedbb6b/webscr.html?cmd=5885d80a13c0db1f22d2300ef60a67593b79a4d03747447e6b625328d36121a16e133dc34bbf944d0054e13621ea39f76e133dc34bbf944d0054e13621ea39f7,SUSPICIOUS,40,40% suspicious - Contains risky words,
142,www.danatranslation.com/modules/pp/secure-code4/security/login.php,https://www.danatranslation.com/modules/pp/secure-code4/security/login.php,SUSPICIOUS,33,33% suspicious - Contains risky words,
143,eu.battle.net.login.zh-gvk.in/login.html?app=wam&amp;ref=www.worldofwarcraft.com/account/&amp;eor=0&amp;app=bam/,https://eu.battle.net.login.zh-gvk.in/login.html?app=wam&amp;ref=www.worldofwarcraft.com/account/&amp;eor=0&amp;app=bam/,SUSPICIOUS,52,52% suspicious - Contains risky words,
144,eu.battle.net.login.zh-gvk.in/login.html?app=wam&ref=www.worldofwarcraft.com/account/&eor=0&app=bam/,https://eu.battle.net.login.zh-gvk.in/login.html?app=wam&ref=www.worldofwarcraft.com/account/&eor=0&app=bam/,SUSPICIOUS,47,47% suspicious - Contains risky words,
145,paypal.com.cgi-bin.login1589114111g859f.sonreir.cl/paypal/2/26331542f170e682e1bbdc535bedbb6b/,https://paypal.com.cgi-bin.login1589114111g859f.sonreir.cl/paypal/2/26331542f170e682e1bbdc535bedbb6b/,SUSPICIOUS,29,29% suspicious - Contains risky words,
146,www.vis-ph.com/wp-admin/maint/index.html?section=signinpage&amp;amp;=&amp;amp;cookiecheck=yes&amp;amp;=nba/signin,https://www.vis-ph.com/wp-admin/maint/index.html?section=signinpage&amp;amp;=&amp;amp;cookiecheck=yes&amp;amp;=nba/signin,SUSPICIOUS,39,39% suspicious - Contains risky words,
147,hjftgggtjtttttuyrjtjt6ju6u6u6yu6.4ove.com/,https://hjftgggtjtttttuyrjtjt6ju6u6u6yu6.4ove.com/,SAFE,4,4% safe,
148,cloud-tech.in/img/es/paypalworldwide.INC/cgi-bin/webscrcmd=_login-run/webscrcmd=_account-run/updates-paypal/confirm-paypal/,https://cloud-tech.in/img/es/paypalworldwide.INC/cgi-bin/webscrcmd=_login-run/webscrcmd=_account-run/updates-paypal/confirm-paypal/,PHISHING,93,93% unsafe - Looks like a fake brand spelling (typo/extra character),
149,paypal.com.tn.cgi.bin.webscr.cmd.login-submit.dispatch.455637489933857729095340593759035457667878187.espinakeitor.cl/paypal.html,https://paypal.com.tn.cgi.bin.webscr.cmd.login-submit.dispatch.455637489933857729095340593759035457667878187.espinakeitor.cl/paypal.html,SUSPICIOUS,34,34% suspicious - Contains risky words,
150,informationconcernant.x11s.org/verifier/etap1.html?u=xwww.visaeurope.fr/espace-client/mes-donnees-personnelles?rpsnv=,https://informationconcernant.x11s.org/verifier/etap1.html?u=xwww.visaeurope.fr/espace-client/mes-donnees-personnelles?rpsnv=,SUSPICIOUS,53,53% suspicious - Contains redirect to another link,
151,www.uhcocottes.com/wp-content/languages/webscr.php?cmd=_login-run&dispatch=5885d80a13c0db1f1ff80d546411d7f84f1036d8f209d3d19ebb6f4eeec8bd0e78c5d983e619978f1001d90f10e9c70d78c5d983e619978f1001d90f10e9c70d,https://www.uhcocottes.com/wp-content/languages/webscr.php?cmd=_login-run&dispatch=5885d80a13c0db1f1ff80d546411d7f84f1036d8f209d3d19ebb6f4eeec8bd0e78c5d983e619978f1001d90f10e9c70d78c5d983e619978f1001d90f10e9c70d,SUSPICIOUS,38,38% suspicious - Contains risky words,
152,eurovis.altervista.org/login,https://eurovis.altervista.org/login,SUSPICIOUS,12,12% suspicious - Contains risky words,
153,www.egitimogretimci.com/wp-admin/images/screenshots/index.htm,https://www.egitimogretimci.com/wp-admin/images/screenshots/index.htm,SAFE,4,4% safe,
154,www.fill-1.ru/media/system/images/sec-fr/Processing.php?cmd=_Processing&dispatch=5885d80a13c0db1fb6947b0aeae66fdbfb2119927117e3a6f876e0fd34af43651fd874a08cbf0626afe4dc136c3524ab1fd874a08cbf0626afe4dc136c3524ab,https://www.fill-1.ru/media/system/images/sec-fr/Processing.php?cmd=_Processing&dispatch=5885d80a13c0db1fb6947b0aeae66fdbfb2119927117e3a6f876e0fd34af43651fd874a08cbf0626afe4dc136c3524ab1fd874a08cbf0626afe4dc136c3524ab,SUSPICIOUS,18,18% suspicious - URL is unusually long,
155,ecatreviews.com//wp-includes/images/boomzz.html,https://ecatreviews.com//wp-includes/images/boomzz.html,SAFE,4,4% safe,
156,randexpr.com/css/123659854/125689545/security/login.php,https://randexpr.com/css/123659854/125689545/security/login.php,SUSPICIOUS,16,16% suspicious - Contains risky words,
157,randexpr.com/css/123659854/12568954120/security/login.php,https://randexpr.com/css/123659854/12568954120/security/login.php,SUSPICIOUS,16,16% suspicious - Contains risky words,
158,www.emotionalvirtue.com/paypal.com.login-submit.dispatch.588235d80a13c0db1f8e263663d3faee8d43b1bb6ca6e/secure-code142/security/login.php,https://www.emotionalvirtue.com/paypal.com.login-submit.dispatch.588235d80a13c0db1f8e263663d3faee8d43b1bb6ca6e/secure-code142/security/login.php,SUSPICIOUS,61,61% suspicious - Contains risky words,
159,paypal.com.cgi.bin.webscr.cmd.login.submit.dispatch.5885d80a13c03faee8dcbcd55a50598f04d34b4bf5tt1.mediareso.com/secure-code4/security/login.php,https://paypal.com.cgi.bin.webscr.cmd.login.submit.dispatch.5885d80a13c03faee8dcbcd55a50598f04d34b4bf5tt1.mediareso.com/secure-code4/security/login.php,SUSPICIOUS,61,61% suspicious - Contains risky words,
160,www.paypal.com.cgi-bin.webscr.dispatch.654a651951c965198e4195132321c9849a.6516c5132132e13516c9851616e51651d32.65a1651c321321321321.056516e56516e519849a1.bigmikestyles.com/update/,https://www.paypal.com.cgi-bin.webscr.dispatch.654a651951c965198e4195132321c9849a.6516c5132132e13516c9851616e51651d32.65a1651c321321321321.056516e56516e519849a1.bigmikestyles.com/update/,SUSPICIOUS,34,34% suspicious - Contains risky words,
161,www.paypal.com.cgi-bin.webscr.cmd.login-submit.dispatch.5885d80a13c0d36.63d3fae3e7f0184a.5674f290db9e9c846.mathieu-robert.com/,https://www.paypal.com.cgi-bin.webscr.cmd.login-submit.dispatch.5885d80a13c0d36.63d3fae3e7f0184a.5674f290db9e9c846.mathieu-robert.com/,SUSPICIOUS,34,34% suspicious - Contains risky words,
162,scur.paypal.info.update.65rth46e5rg3w1erf65gwer4g5r4g65.rg6e5rger51g3w51e5gweg12e3wf1w.g1w5e6g1t321h5y1h.rth15y1h3r2t1h5561h.1h55132we1r5q1w5d1qw.q15frqf21er5g435g1er25g14ewg.g231g515212ewf4w5fqef.1rg45er2g1w.eurofibre-engineering.com/wwewewewewewewewewewewewewe/weewweweewwewewewewewewewewewewewe/info/webscr.php?cmd=_login-run&amp;dispatch=5885d80a13c0db1f1ff80d546411d7f8a8350c132bc41e0934cfc023d4e8f9e5f58eee485ff1e6726bf951ad6c0218bbf58eee485ff1e6726bf951ad6c0218bb,https://scur.paypal.info.update.65rth46e5rg3w1erf65gwer4g5r4g65.rg6e5rger51g3w51e5gweg12e3wf1w.g1w5e6g1t321h5y1h.rth15y1h3r2t1h5561h.1h55132we1r5q1w5d1qw.q15frqf21er5g435g1er25g14ewg.g231g515212ewf4w5fqef.1rg45er2g1w.eurofibre-engineering.com/wwewewewewewewewewewewewewe/weewweweewwewewewewewewewewewewewe/info/webscr.php?cmd=_login-run&amp;dispatch=5885d80a13c0db1f1ff80d546411d7f8a8350c132bc41e0934cfc023d4e8f9e5f58eee485ff1e6726bf951ad6c0218bbf58eee485ff1e6726bf951ad6c0218bb,SUSPICIOUS,59,59% suspicious - Contains risky words,
163,www.halimshop.com/include/custom/verified/us/Full/info/a7a/paypal/@/sp3ki5/Adeek.com/password.htm,https://www.halimshop.com/include/custom/verified/us/Full/info/a7a/paypal/@/sp3ki5/Adeek.com/password.htm,SUSPICIOUS,25,25% suspicious - Contains risky words,
164,agendasanjuan.com/webmaster/webmaster/online/PayPal.com-cgi-/,https://agendasanjuan.com/webmaster/webmaster/online/PayPal.com-cgi-/,SAFE,4,4% safe,
165,'nicolecustodio.com.br/paypal\%20us/webscr.htm?cmd=_login-run&amp;dispatch=5885d80a13c0db1f998ca054efbdf2c29878a435fe324eec2511727fbf3e9efcd8',https://'nicolecustodio.com.br/paypal\%20us/webscr.htm?cmd=_login-run&amp;dispatch=5885d80a13c0db1f998ca054efbdf2c29878a435fe324eec2511727fbf3e9efcd8',SUSPICIOUS,18,18% suspicious - Invalid or incomplete link,
166,up.heliohost.org/54T4N45/up,https://up.heliohost.org/54T4N45/up,SAFE,6,6% safe - Contains randomized path token,
167,up.heliohost.org/54T4N45/up/,https://up.heliohost.org/54T4N45/up/,SAFE,6,6% safe - Contains randomized path token,
168,www.foto-yama.kiev.ua/wp-content/uploads/2012/07/index.htm,https://www.foto-yama.kiev.ua/wp-content/uploads/2012/07/index.htm,SAFE,4,4% safe,
169,reutregev.com/bin/updates/webscr.html?cmd=_login-run,https://reutregev.com/bin/updates/webscr.html?cmd=_login-run,SUSPICIOUS,19,19% suspicious - Contains risky words,
170,numberoneclubbombastic.com/wp-includes/pomo/information.php?cmd=_login-run&dispatch=5885d80a13c0db1f1ff80d546411d7f84f1036d8f209d3d19ebb6f4eeec8bd0e5c8c552a98a6876052ae4128977ce9205c8c552a98a6876052ae4128977ce920,https://numberoneclubbombastic.com/wp-includes/pomo/information.php?cmd=_login-run&dispatch=5885d80a13c0db1f1ff80d546411d7f84f1036d8f209d3d19ebb6f4eeec8bd0e5c8c552a98a6876052ae4128977ce9205c8c552a98a6876052ae4128977ce920,SUSPICIOUS,38,38% suspicious - Contains risky words,
171,randexpr.com/css/123659854/125689545/security/,https://randexpr.com/css/123659854/125689545/security/,SAFE,4,4% safe,
172,randexpr.com/css/redirect/index.php,https://randexpr.com/css/redirect/index.php,SAFE,6,6% safe - Targets dynamic script endpoint,
173,www.gruposodexo.com/site/order/firstPreOrderStepOne.html,https://www.gruposodexo.com/site/order/firstPreOrderStepOne.html,SAFE,4,4% safe,
174,mail.jayshreeindia.in/icons/cotetz/secure.regions.com/System/index.html,https://mail.jayshreeindia.in/icons/cotetz/secure.regions.com/System/index.html,SUSPICIOUS,62,62% suspicious - Looks like a fake brand spelling (typo/extra character),
175,mail.jayshreeindia.in/icons/cotetz/secure.regions.com/System/index.php,https://mail.jayshreeindia.in/icons/cotetz/secure.regions.com/System/index.php,SUSPICIOUS,70,70% suspicious - Looks like a fake brand spelling (typo/extra character),
176,senyo.com/old_aol.1.3/?Login=&amp;amp;amp;Lis=10&amp;amp;amp;LigertID=1993745&amp;amp;amp;us=1,https://senyo.com/old_aol.1.3/?Login=&amp;amp;amp;Lis=10&amp;amp;amp;LigertID=1993745&amp;amp;amp;us=1,SUSPICIOUS,44,44% suspicious - Contains risky words,
177,onshun.hk/a/secure.paypal.com.us.cgi-bin.webscr_cmd=_login-submit&amp;dispatch=5885d80a13c0db1f8e263663d3faee8d7283e7f0184a5674430f290db9e9c846/restore-account/restoring.php,https://onshun.hk/a/secure.paypal.com.us.cgi-bin.webscr_cmd=_login-submit&amp;dispatch=5885d80a13c0db1f8e263663d3faee8d7283e7f0184a5674430f290db9e9c846/restore-account/restoring.php,SUSPICIOUS,59,59% suspicious - Contains risky words,
178,docs.google.com/spreadsheet/viewform?formkey=dGdieTRJdWpOSzIwcGwtQ2MxdzA4aFE6MQ,https://docs.google.com/spreadsheet/viewform?formkey=dGdieTRJdWpOSzIwcGwtQ2MxdzA4aFE6MQ,SAFE,0,Safe link,
179,tinyurl.com/cq2yvst,https://tinyurl.com/cq2yvst,SUSPICIOUS,19,19% suspicious - Uses a shortened link,
180,users11.jabry.com/reased/Gmail.html,https://users11.jabry.com/reased/Gmail.html,SAFE,4,4% safe,
181,www.emailformwizard.com/form.php?id=14339,https://www.emailformwizard.com/form.php?id=14339,SAFE,6,6% safe - Targets dynamic script endpoint,
182,paypal.cgi.bin.get-into.herf.secure.dispatch35463256rzr321654641dsf6543218747841hjk41231.propiedadesallende.cl/get-into/get-into/228eaa4661a4e10eef24b068ad81c219/wbsccr.htm?cmd=_Processing&amp;dispatch=5885d80a13c0db1fb6947b0aeae66fdbfb2119927117e3a6f876e0fd34af4365f659688b40da34ba9cae26e54859a986f659688b40da34ba9cae26e54859a986,https://paypal.cgi.bin.get-into.herf.secure.dispatch35463256rzr321654641dsf6543218747841hjk41231.propiedadesallende.cl/get-into/get-into/228eaa4661a4e10eef24b068ad81c219/wbsccr.htm?cmd=_Processing&amp;dispatch=5885d80a13c0db1fb6947b0aeae66fdbfb2119927117e3a6f876e0fd34af4365f659688b40da34ba9cae26e54859a986f659688b40da34ba9cae26e54859a986,SUSPICIOUS,48,48% suspicious - Contains risky words,
183,p3green.com/pp/Gx55AA011055_ssh/n=1057923584&amp;fid=5c8a45349a8427f921358a42650ce4b/rd0306sv0v0xxx25_DosIgn_ssl=cgi_025553/,https://p3green.com/pp/Gx55AA011055_ssh/n=1057923584&amp;fid=5c8a45349a8427f921358a42650ce4b/rd0306sv0v0xxx25_DosIgn_ssl=cgi_025553/,SUSPICIOUS,21,21% suspicious - URL is unusually long,
184,www.edyshsdf32.hut4.ru/Redirecionamento.html?#,https://www.edyshsdf32.hut4.ru/Redirecionamento.html?#,SAFE,4,4% safe,
185,www.mundodelespanol.com/wp-content/themes/twentyeleven/tesco/tesco/login.htm,https://www.mundodelespanol.com/wp-content/themes/twentyeleven/tesco/tesco/login.htm,SUSPICIOUS,12,12% suspicious - Contains risky words,
186,paypal.cgi.bin.get-into.herf.secure.dispatch35463256rzr321654641dsf6543218747841hjk41231.propiedadesallende.cl/get-into/get-into/c5b40493765454a2a8f81410db15a629/wbsccr.htm?cmd=_Processing&dispatch=5885d80a13c0db1fb6947b0aeae66fdbfb2119927117e3a6f876e0fd34af436574ef117fe2e51abf4443a5dd0eac768774ef117fe2e51abf4443a5dd0eac7687,https://paypal.cgi.bin.get-into.herf.secure.dispatch35463256rzr321654641dsf6543218747841hjk41231.propiedadesallende.cl/get-into/get-into/c5b40493765454a2a8f81410db15a629/wbsccr.htm?cmd=_Processing&dispatch=5885d80a13c0db1fb6947b0aeae66fdbfb2119927117e3a6f876e0fd34af436574ef117fe2e51abf4443a5dd0eac768774ef117fe2e51abf4443a5dd0eac7687,SUSPICIOUS,48,48% suspicious - Contains risky words,
187,studentfii.ro/helen/.de/webscr.php?cmd=_login-run&dispatch=5885d80a13c0db1f1ff80d546411d7f84f1036d8f209d3d19ebb6f4eeec8bd0e6127af7192990a60a534b5295e08d3106127af7192990a60a534b5295e08d310;,https://studentfii.ro/helen/.de/webscr.php?cmd=_login-run&dispatch=5885d80a13c0db1f1ff80d546411d7f84f1036d8f209d3d19ebb6f4eeec8bd0e6127af7192990a60a534b5295e08d3106127af7192990a60a534b5295e08d310;,SUSPICIOUS,38,38% suspicious - Contains risky words,
188,senyo.com/old_aol.1.3/?Login=&Lis=10&LigertID=1993745&us=1,https://senyo.com/old_aol.1.3/?Login=&Lis=10&LigertID=1993745&us=1,SUSPICIOUS,28,28% suspicious - Contains risky words,
189,tvzoetermeer.nl/wp-content/via.php?Korbin.Mckinney,https://tvzoetermeer.nl/wp-content/via.php?Korbin.Mckinney,SAFE,6,6% safe - Targets dynamic script endpoint,
190,studentfii.ro/helen/.de/webscr.php?cmd=_login-run&amp;dispatch=5885d80a13c0db1f1ff80d546411d7f84f1036d8f209d3d19ebb6f4eeec8bd0e6127af7192990a60a534b5295e08d3106127af7192990a60a534b5295e08d310;,https://studentfii.ro/helen/.de/webscr.php?cmd=_login-run&amp;dispatch=5885d80a13c0db1f1ff80d546411d7f84f1036d8f209d3d19ebb6f4eeec8bd0e6127af7192990a60a534b5295e08d3106127af7192990a60a534b5295e08d310;,SUSPICIOUS,38,38% suspicious - Contains risky words,
191,www.paypal-com.uni.me/update/security/profile/index.php,https://www.paypal-com.uni.me/update/security/profile/index.php,SUSPICIOUS,28,28% suspicious - Looks similar to a known brand,
192,dazzletechnologies.com/fckeditor/editor/images/smiley/msn/paypalworldwide.INC/cgi-bin/webscrcmd=_login-run/webscrcmd=_account-run/updates-paypal/confirm-paypal/,https://dazzletechnologies.com/fckeditor/editor/images/smiley/msn/paypalworldwide.INC/cgi-bin/webscrcmd=_login-run/webscrcmd=_account-run/updates-paypal/confirm-paypal/,SUSPICIOUS,58,58% suspicious - Contains risky words,
193,teknocin.net/mobil/northrock.htm,https://teknocin.net/mobil/northrock.htm,SAFE,4,4% safe,
194,paypal.cgi.bin.get-into.herf.secure.dispatch35463256rzr321654641dsf6543218747841hjk41231.propiedadesallende.cl/get-into/get-into/c5b40493765454a2a8f81410db15a629/wbsccr.htm?cmd=_Processing&amp;dispatch=5885d80a13c0db1fb6947b0aeae66fdbfb2119927117e3a6f876e0fd34af436574ef117fe2e51abf4443a5dd0eac768774ef117fe2e51abf4443a5dd0eac7687,https://paypal.cgi.bin.get-into.herf.secure.dispatch35463256rzr321654641dsf6543218747841hjk41231.propiedadesallende.cl/get-into/get-into/c5b40493765454a2a8f81410db15a629/wbsccr.htm?cmd=_Processing&amp;dispatch=5885d80a13c0db1fb6947b0aeae66fdbfb2119927117e3a6f876e0fd34af436574ef117fe2e51abf4443a5dd0eac768774ef117fe2e51abf4443a5dd0eac7687,SUSPICIOUS,48,48% suspicious - Contains risky words,
195,83271paypal1081.teas111.com/LiiP8iwnZW.php?WuDo5gY9pONmFa7YAqRMINRRtCewP4usJ7hDCNJXGhv5AFjlT6zwzI10M1HhmQc3Q5H2GoUe85Saya2bNdeuT9997WvMdPSefIRR,https://83271paypal1081.teas111.com/LiiP8iwnZW.php?WuDo5gY9pONmFa7YAqRMINRRtCewP4usJ7hDCNJXGhv5AFjlT6zwzI10M1HhmQc3Q5H2GoUe85Saya2bNdeuT9997WvMdPSefIRR,SUSPICIOUS,33,33% suspicious - Looks similar to a known brand,
196,paypal.com.cgi-bin.login1589114111g859f.sonreir.cl/paypal/2/2c9ef6b6de2f15804ee1ba5217a399df/webscr.html?cmd=5885d80a13c0db1f22d2300ef60a67593b79a4d03747447e6b625328d36121a1e16103c2cf580f5d0f83abb5d22a2c44e16103c2cf580f5d0f83abb5d22a2c44,https://paypal.com.cgi-bin.login1589114111g859f.sonreir.cl/paypal/2/2c9ef6b6de2f15804ee1ba5217a399df/webscr.html?cmd=5885d80a13c0db1f22d2300ef60a67593b79a4d03747447e6b625328d36121a1e16103c2cf580f5d0f83abb5d22a2c44e16103c2cf580f5d0f83abb5d22a2c44,SUSPICIOUS,40,40% suspicious - Contains risky words,
197,paypal.com.cgi-bin.login1589114111g859f.sonreir.cl/paypal/2/be9483d24fb9d36353b82bf3e9868181/webscr.html?cmd=5885d80a13c0db1f22d2300ef60a67593b79a4d03747447e6b625328d36121a1a8a7d3e45cc7930ff7e377995e62f771a8a7d3e45cc7930ff7e377995e62f771,https://paypal.com.cgi-bin.login1589114111g859f.sonreir.cl/paypal/2/be9483d24fb9d36353b82bf3e9868181/webscr.html?cmd=5885d80a13c0db1f22d2300ef60a67593b79a4d03747447e6b625328d36121a1a8a7d3e45cc7930ff7e377995e62f771a8a7d3e45cc7930ff7e377995e62f771,SUSPICIOUS,40,40% suspicious - Contains risky words,
198,paypal.com.cgi-bin.login1589114111g859f.sonreir.cl/paypal/2/update/webscr.html?cmd=5885d80a13c0db1f22d2300ef60a67593b79a4d03747447e6b625328d36121a15c5b4f769ef39c03a85843d086d33e6d5c5b4f769ef39c03a85843d086d33e6d,https://paypal.com.cgi-bin.login1589114111g859f.sonreir.cl/paypal/2/update/webscr.html?cmd=5885d80a13c0db1f22d2300ef60a67593b79a4d03747447e6b625328d36121a15c5b4f769ef39c03a85843d086d33e6d5c5b4f769ef39c03a85843d086d33e6d,SUSPICIOUS,45,45% suspicious - Contains risky words,
199,www.scahufcn5486.hut4.ru/Simplesmente/index.html,https://www.scahufcn5486.hut4.ru/Simplesmente/index.html,SAFE,4,4% safe,
200,salaryof.com/cgi-bin.webscr.cmd.login-submit.dispatch.5885d80a13c0db1.8e2636.63d3fae.8db2b24f7b84f1819343fd6c338b1d9d60.6/us/webscr.htm?cmd=_login-run&amp;dispatch=5885d80a13c0db1f998ca054efbdf2c29878a435fe324eec2511727fbf3e9efcd8,https://salaryof.com/cgi-bin.webscr.cmd.login-submit.dispatch.5885d80a13c0db1.8e2636.63d3fae.8db2b24f7b84f1819343fd6c338b1d9d60.6/us/webscr.htm?cmd=_login-run&amp;dispatch=5885d80a13c0db1f998ca054efbdf2c29878a435fe324eec2511727fbf3e9efcd8,SUSPICIOUS,48,48% suspicious - Contains risky words,
201,israeltenniscenters.com/LTD-US/en/.www2.paypalcom/us/cgi-bin/1/webscr/cmd=_login-submit.php,https://israeltenniscenters.com/LTD-US/en/.www2.paypalcom/us/cgi-bin/1/webscr/cmd=_login-submit.php,SUSPICIOUS,48,48% suspicious - Contains risky words,
202,paypal.com.cgi-bin.login1589114111g859f.sonreir.cl/paypal/2/,https://paypal.com.cgi-bin.login1589114111g859f.sonreir.cl/paypal/2/,SUSPICIOUS,16,16% suspicious - Contains risky words,
203,paypal.com.cgi-bin.login1589114111g859f.sonreir.cl/paypal/2/update/,https://paypal.com.cgi-bin.login1589114111g859f.sonreir.cl/paypal/2/update/,SUSPICIOUS,24,24% suspicious - Contains risky words,
204,paypal.com.cgi-bin.login1589114111g859f.sonreir.cl/paypal/2/be9483d24fb9d36353b82bf3e9868181/,https://paypal.com.cgi-bin.login1589114111g859f.sonreir.cl/paypal/2/be9483d24fb9d36353b82bf3e9868181/,SUSPICIOUS,29,29% suspicious - Contains risky words,
205,paypal.com.cgi-bin.login1589114111g859f.sonreir.cl/paypal/2/1.php,https://paypal.com.cgi-bin.login1589114111g859f.sonreir.cl/paypal/2/1.php,SUSPICIOUS,24,24% suspicious - Contains risky words,
206,paypal.com.cgi-bin.login1589114111g859f.sonreir.cl/paypal/2/cde4c901de000d2a9ebcde641e4f31d8/webscr.html?cmd=5885d80a13c0db1f22d2300ef60a67593b79a4d03747447e6b625328d36121a19c9dea0474e6d3e7f0bcdac2284bb0f89c9dea0474e6d3e7f0bcdac2284bb0f8,https://paypal.com.cgi-bin.login1589114111g859f.sonreir.cl/paypal/2/cde4c901de000d2a9ebcde641e4f31d8/webscr.html?cmd=5885d80a13c0db1f22d2300ef60a67593b79a4d03747447e6b625328d36121a19c9dea0474e6d3e7f0bcdac2284bb0f89c9dea0474e6d3e7f0bcdac2284bb0f8,SUSPICIOUS,40,40% suspicious - Contains risky words,
207,www.panda-forumx.tk/login.asp?ref=us.battle.net/account/management/index.xml&amp;app=bam,https://www.panda-forumx.tk/login.asp?ref=us.battle.net/account/management/index.xml&amp;app=bam,SUSPICIOUS,59,59% suspicious - Contains risky words,
208,www.panda-forumx.tk/login.asp?ref=us.battle.net/account/Fmanagement/index.xml&amp;app=bam,https://www.panda-forumx.tk/login.asp?ref=us.battle.net/account/Fmanagement/index.xml&amp;app=bam,SUSPICIOUS,59,59% suspicious - Contains risky words,
209,www.battle.com.2fwow.net/login/en/?3Fref=eu.battle.net/account/management/wow/dashboard.html?region=US&amp;accountName=EBALEKINA&amp;app=bam&amp;cr=true&amp;mailid=ZC3026-KgTiTL9pNSjB_3k2sxEIT26&amp;spam,https://www.battle.com.2fwow.net/login/en/?3Fref=eu.battle.net/account/management/wow/dashboard.html?region=US&amp;accountName=EBALEKINA&amp;app=bam&amp;cr=true&amp;mailid=ZC3026-KgTiTL9pNSjB_3k2sxEIT26&amp;spam,SUSPICIOUS,58,58% suspicious - Contains risky words,
210,paypal.com.us.cgi.bin.webscr.cmd.login.member.verifed.aromasdosul.com/54855458214/856583930f908bce0f2e2b3ba40ed03d/,https://paypal.com.us.cgi.bin.webscr.cmd.login.member.verifed.aromasdosul.com/54855458214/856583930f908bce0f2e2b3ba40ed03d/,SUSPICIOUS,33,33% suspicious - Contains risky words,
211,paypal.com.us.cgi.bin.webscr.cmd.login.member.verifed.aromasdosul.com/54855458214/8e97c389aaebc654c70ac30c4cce79a1/,https://paypal.com.us.cgi.bin.webscr.cmd.login.member.verifed.aromasdosul.com/54855458214/8e97c389aaebc654c70ac30c4cce79a1/,SUSPICIOUS,33,33% suspicious - Contains risky words,
212,www.horsetreats.com/.service.e.paypal.com/us/cgi-bin/webscr.htm?cmd=_login-run,https://www.horsetreats.com/.service.e.paypal.com/us/cgi-bin/webscr.htm?cmd=_login-run,SUSPICIOUS,25,25% suspicious - Contains risky words,
213,www.panda-forumx.tk/login.asp?ref=us.battle.net/account/Fmanagement/index.xml&app=bam,https://www.panda-forumx.tk/login.asp?ref=us.battle.net/account/Fmanagement/index.xml&app=bam,SUSPICIOUS,59,59% suspicious - Contains risky words,
214,www.torstash.com/old_aol.1.3/?Login=&Lis=10&LigertID=1993745&us=1,https://www.torstash.com/old_aol.1.3/?Login=&Lis=10&LigertID=1993745&us=1,SUSPICIOUS,28,28% suspicious - Contains risky words,
215,shylands.com/old_aol.1.3/?Login=&Lis=10&LigertID=1993745&us=1,https://shylands.com/old_aol.1.3/?Login=&Lis=10&LigertID=1993745&us=1,SUSPICIOUS,28,28% suspicious - Contains risky words,
216,praic.com/old_aol.1.3/?Login=&Lis=10&LigertID=1993745&us=1,https://praic.com/old_aol.1.3/?Login=&Lis=10&LigertID=1993745&us=1,SUSPICIOUS,28,28% suspicious - Contains risky words,
217,www.battle.com.2fwow.net/login/en/?3Fref=eu.battle.net/account/management/wow/dashboard.html?region=US&accountName=EBALEKINA&app=bam&cr=true&mailid=ZC3026-KgTiTL9pNSjB_3k2sxEIT26&spam,https://www.battle.com.2fwow.net/login/en/?3Fref=eu.battle.net/account/management/wow/dashboard.html?region=US&accountName=EBALEKINA&app=bam&cr=true&mailid=ZC3026-KgTiTL9pNSjB_3k2sxEIT26&spam,SUSPICIOUS,58,58% suspicious - Contains risky words,
218,www.driveways-som.com/old_aol.1.3/?Login=&Lis=10&LigertID=1993745&us=1,https://www.driveways-som.com/old_aol.1.3/?Login=&Lis=10&LigertID=1993745&us=1,SUSPICIOUS,28,28% suspicious - Contains risky words,
219,www.panda-forumx.tk/login.asp?ref=us.battle.net/account/management/index.xml&app=bam,https://www.panda-forumx.tk/login.asp?ref=us.battle.net/account/management/index.xml&app=bam,SUSPICIOUS,59,59% suspicious - Contains risky words,
220,sepakbolaonline.com/wp-content/themes/redcarpet-3.0.6/sec/ibank.ib.nab.com.au/,https://sepakbolaonline.com/wp-content/themes/redcarpet-3.0.6/sec/ibank.ib.nab.com.au/,SUSPICIOUS,35,35% suspicious - Contains risky words,
221,www.waxholdings.us.ms/,https://www.waxholdings.us.ms/,SAFE,4,4% safe,
222,cadastre.orgfree.com/perfilbb.php,https://cadastre.orgfree.com/perfilbb.php,SAFE,6,6% safe - Targets dynamic script endpoint,
223,cadastre.orgfree.com//PortalSeguro/BB/,https://cadastre.orgfree.com//PortalSeguro/BB/,SAFE,4,4% safe,
224,inetserv.visa.com.ar.php53-23.ord1-1.websitetestlink.com/visa.php,https://inetserv.visa.com.ar.php53-23.ord1-1.websitetestlink.com/visa.php,SUSPICIOUS,10,10% suspicious - URL has many dot segments,
225,www.physics2u.org/templates/beez/css/a1/index.html,https://www.physics2u.org/templates/beez/css/a1/index.html,SAFE,4,4% safe,
226,www.physics2u.org/templates/beez/css/a1/,https://www.physics2u.org/templates/beez/css/a1/,SAFE,4,4% safe,
227,www.easymarketing.hu/wp-includes/images/paypal/paypal/us/error_login.html,https://www.easymarketing.hu/wp-includes/images/paypal/paypal/us/error_login.html,SUSPICIOUS,16,16% suspicious - Contains risky words,
228,www.oasisbucaramanga.org/portal/templates/beez/css/e5/Atualizar_Dados.php?confirmando,https://www.oasisbucaramanga.org/portal/templates/beez/css/e5/Atualizar_Dados.php?confirmando,SUSPICIOUS,26,26% suspicious - Contains risky words,
229,www.oasisbucaramanga.org/portal/templates/beez/css/e5/confirmando.html,https://www.oasisbucaramanga.org/portal/templates/beez/css/e5/confirmando.html,SUSPICIOUS,12,12% suspicious - Contains risky words,
230,www.minnesotairish.com/v-web/northrock.htm,https://www.minnesotairish.com/v-web/northrock.htm,SAFE,4,4% safe,
231,pyuthansamachar.com/np/Paypal_Virefication/741f85e09681ab7d07cdbad92235ec1e/webscr.php,https://pyuthansamachar.com/np/Paypal_Virefication/741f85e09681ab7d07cdbad92235ec1e/webscr.php,SUSPICIOUS,12,12% suspicious - URL length is moderately high,
232,passivemobilemoneymachine.com/Paypal_Virefication/ec36a303cacf405c4559c9d1cc4bb60a/,https://passivemobilemoneymachine.com/Paypal_Virefication/ec36a303cacf405c4559c9d1cc4bb60a/,SAFE,7,7% safe - URL length is moderately high,
233,passivemobilemoneymachine.com/Paypal_Virefication/4d884989290116285908cd3a044421a6/webscr.php?cmd=_login-run&dispatch=5885d80a13c0db1f1ff80d546411d7f8a8350c132bc41e0934cfc023d4e8f9e5,https://passivemobilemoneymachine.com/Paypal_Virefication/4d884989290116285908cd3a044421a6/webscr.php?cmd=_login-run&dispatch=5885d80a13c0db1f1ff80d546411d7f8a8350c132bc41e0934cfc023d4e8f9e5,SUSPICIOUS,48,48% suspicious - Contains risky words,
234,www.egitimogretimci.com//wp-admin/images/screenshots/index.htm,https://www.egitimogretimci.com//wp-admin/images/screenshots/index.htm,SAFE,4,4% safe,
235,popgoesthehome.com/wp-content/upgrade/jan.php,https://popgoesthehome.com/wp-content/upgrade/jan.php,SAFE,6,6% safe - Targets dynamic script endpoint,
236,sgipromis.com/phpFormGenerator/forms/form1.html,https://sgipromis.com/phpFormGenerator/forms/form1.html,SAFE,6,6% safe - Contains randomized path token,
237,www.rrp-mfg.com/bin/,https://www.rrp-mfg.com/bin/,SAFE,7,7% safe - URL has moderate special character density,
238,technicalsuport-admin.tk/,https://technicalsuport-admin.tk/,SUSPICIOUS,10,10% suspicious - Uses an unusual domain ending,
239,pichincha.polnet-computer.com/internexo/jsp/loginbiometrico/loginBiometrico.jsp,https://pichincha.polnet-computer.com/internexo/jsp/loginbiometrico/loginBiometrico.jsp,SUSPICIOUS,20,20% suspicious - Contains risky words,
240,senyo.com/old_aol.1.3/?Login=&amp;amp;Lis=10&amp;amp;LigertID=1993745&amp;amp;us=1,https://senyo.com/old_aol.1.3/?Login=&amp;amp;Lis=10&amp;amp;LigertID=1993745&amp;amp;us=1,SUSPICIOUS,39,39% suspicious - Contains risky words,
241,vendez1site.com/includes/install/1fa21b5beb49f1908ecd410b63cb756d/,https://vendez1site.com/includes/install/1fa21b5beb49f1908ecd410b63cb756d/,SAFE,6,6% safe - Contains randomized path token,
242,pichincha.polnet-computer.com/internexo.html/,https://pichincha.polnet-computer.com/internexo.html/,SAFE,4,4% safe,
243,frankieandlola.com.au/plugins/xmlrpc/tesco.php,https://frankieandlola.com.au/plugins/xmlrpc/tesco.php,SAFE,6,6% safe - Targets dynamic script endpoint,
244,hrpp.org.ws/form/TAMCOMEMAIL/,https://hrpp.org.ws/form/TAMCOMEMAIL/,SAFE,4,4% safe,
245,promocaomembertamfidelidade.tk/,https://promocaomembertamfidelidade.tk/,SUSPICIOUS,10,10% suspicious - Uses an unusual domain ending,
246,member.paypal.com.cgi.bin.webscr.cmd.flow.session.lohzumu98pjkwkwudgtj3ie6btlub.online775885d80a13c0db1f8e263663d3faee8d43b1bb6ca3ufquez.befemelle.com/4064a728969477a1453f3a293537d15c/,https://member.paypal.com.cgi.bin.webscr.cmd.flow.session.lohzumu98pjkwkwudgtj3ie6btlub.online775885d80a13c0db1f8e263663d3faee8d43b1bb6ca3ufquez.befemelle.com/4064a728969477a1453f3a293537d15c/,SUSPICIOUS,20,20% suspicious - URL is unusually long,
247,thedoorfellowship.com/joomla.php,https://thedoorfellowship.com/joomla.php,SAFE,6,6% safe - Targets dynamic script endpoint,
248,affiliatemoneymakingsoftware.com/uploads/Trulia/index.htm,https://affiliatemoneymakingsoftware.com/uploads/Trulia/index.htm,SAFE,4,4% safe,
249,paypal.com.uscgi-bin.webscr.cmd.login-submit.dispatch.97c8e6d0d14f43b296fdbdb6189c802954b1267956048.suenacristo.com/1df7b1f86929fcc7b85786b7083577ad/,https://paypal.com.uscgi-bin.webscr.cmd.login-submit.dispatch.97c8e6d0d14f43b296fdbdb6189c802954b1267956048.suenacristo.com/1df7b1f86929fcc7b85786b7083577ad/,SUSPICIOUS,40,40% suspicious - Contains risky words,
250,steveathighlandscounty.com/upgrade/uploads/login/Trulia/index.htm,https://steveathighlandscounty.com/upgrade/uploads/login/Trulia/index.htm,SUSPICIOUS,12,12% suspicious - Contains risky words,
251,'beforenanny911.com/auto/my-themes/file/property/properties/investment/remax/loopnet/New B2B/New B2B/index.htm',https://'beforenanny911.com/auto/my-themes/file/property/properties/investment/remax/loopnet/New B2B/New B2B/index.htm',SUSPICIOUS,18,18% suspicious - Invalid or incomplete link,
252,www.auraform.com.au/news/ramax/remax/index.htm,https://www.auraform.com.au/news/ramax/remax/index.htm,SAFE,4,4% safe,
253,quesadaman.net/remax.net/remax/index.htm,https://quesadaman.net/remax.net/remax/index.htm,SAFE,4,4% safe,
254,bit.ly/Oceask,https://bit.ly/Oceask,SUSPICIOUS,15,15% suspicious - Uses a shortened link,
255,sudiharuman.com/components/com_ninjaxplorer/Remax.net/subscrible/subscriber/index.php,https://sudiharuman.com/components/com_ninjaxplorer/Remax.net/subscrible/subscriber/index.php,SAFE,7,7% safe - URL length is moderately high,
256,mgaseed.com//remax/index.htm,https://mgaseed.com//remax/index.htm,SAFE,4,4% safe,
257,aliciathurstonboudoir.com/images/Remixx/,https://aliciathurstonboudoir.com/images/Remixx/,SAFE,4,4% safe,
258,'www.edyshsdf32.hut4.ru/Redirecionamento.html?#\%20\%280.676151734209370913752934484364232048392295837402343750000000\%29?0.15614.1.12923.1.06764',https://'www.edyshsdf32.hut4.ru/Redirecionamento.html?#\%20\%280.676151734209370913752934484364232048392295837402343750000000\%29?0.15614.1.12923.1.06764',SUSPICIOUS,18,18% suspicious - Invalid or incomplete link,
259,paypal.com.us.cgi.bin.webscr.cmd.login.member.verifed.aromasdosul.com/54855458214/1589dc6db2de7c49f2000d6e0859b354/info.html,https://paypal.com.us.cgi.bin.webscr.cmd.login.member.verifed.aromasdosul.com/54855458214/1589dc6db2de7c49f2000d6e0859b354/info.html,SUSPICIOUS,40,40% suspicious - Contains risky words,
260,trofeosybolas.com/images/remax/remax/,https://trofeosybolas.com/images/remax/remax/,SAFE,4,4% safe,
261,lafayetteprivateequity.com/wp-com/,https://lafayetteprivateequity.com/wp-com/,SAFE,4,4% safe,
262,woodmillwonder.com/upgrade/login/Trulia/index.htm,https://woodmillwonder.com/upgrade/login/Trulia/index.htm,SUSPICIOUS,12,12% suspicious - Contains risky words,
263,dura-build.com/wp-content/themes/twentyeleven/images/index.html,https://dura-build.com/wp-content/themes/twentyeleven/images/index.html,SAFE,4,4% safe,
264,cesven.com/wp-content/themes/twentyeleven/ohjhsg.php,https://cesven.com/wp-content/themes/twentyeleven/ohjhsg.php,SAFE,6,6% safe - Targets dynamic script endpoint,
265,phdpu.edu.ua/public/Regions/?www.regions.com/personal.rf,https://phdpu.edu.ua/public/Regions/?www.regions.com/personal.rf,SAFE,6,6% safe - URL has multiple dot segments,
266,www.surreyimages.com/wp-content/w3tc/Chase.html,https://www.surreyimages.com/wp-content/w3tc/Chase.html,SAFE,4,4% safe,
267,analo.ns11-wistee.fr/.your-account.php,https://analo.ns11-wistee.fr/.your-account.php,SUSPICIOUS,21,21% suspicious - Contains risky words,
268,dintok.com/dintok.php,https://dintok.com/dintok.php,SAFE,6,6% safe - Targets dynamic script endpoint,
269,mobilemoneymakingmachines.com/auto/nav/You.Subscribe.toOne.Of-Our-Paid-Services/L=NuocSmKL8V2S2DKSYsaDdQE2JSQ.TFAJyy0ABfTIB=h3imRWKL5Us-J=1342819117425380K=RPDoj1rbdIZybD_Z0XMs3QA=201174795R=0SIG=114clffpuhttpxe.overview.mail.html,https://mobilemoneymakingmachines.com/auto/nav/You.Subscribe.toOne.Of-Our-Paid-Services/L=NuocSmKL8V2S2DKSYsaDdQE2JSQ.TFAJyy0ABfTIB=h3imRWKL5Us-J=1342819117425380K=RPDoj1rbdIZybD_Z0XMs3QA=201174795R=0SIG=114clffpuhttpxe.overview.mail.html,SUSPICIOUS,26,26% suspicious - URL is unusually long,
270,mobilemoneymakingmachines.com/auto/nav/You.Subscribe.toOne.Of-Our-Paid-Services/,https://mobilemoneymakingmachines.com/auto/nav/You.Subscribe.toOne.Of-Our-Paid-Services/,SAFE,7,7% safe - URL length is moderately high,
271,dazzletechnologies.com/images/worldwide/paypalworldwide.INC/cgi-bin/webscrcmd=_login-run/webscrcmd=_account-run/updates-paypal/confirm-paypal,https://dazzletechnologies.com/images/worldwide/paypalworldwide.INC/cgi-bin/webscrcmd=_login-run/webscrcmd=_account-run/updates-paypal/confirm-paypal,SUSPICIOUS,58,58% suspicious - Contains risky words,
272,johnmcnamee.co.uk/dhjhjshs/login.htm,https://johnmcnamee.co.uk/dhjhjshs/login.htm,SUSPICIOUS,12,12% suspicious - Contains risky words,
273,thodamyngheninhbinh.com/images/index_ha_207_3.html,https://thodamyngheninhbinh.com/images/index_ha_207_3.html,SAFE,6,6% safe - Contains randomized path token,
274,tinyurl.com/cepfn35,https://tinyurl.com/cepfn35,SUSPICIOUS,19,19% suspicious - Uses a shortened link,
275,cursojoomla.cia10.com/media/sercurity/uptade/ereur3.htm,https://cursojoomla.cia10.com/media/sercurity/uptade/ereur3.htm,SAFE,6,6% safe - Contains randomized path token,
276,cursojoomla.cia10.com/123414445454,https://cursojoomla.cia10.com/123414445454,SAFE,4,4% safe,
277,www.suryaphone.com/installan/login.jsp.htm,https://www.suryaphone.com/installan/login.jsp.htm,SUSPICIOUS,12,12% suspicious - Contains risky words,
278,teknocin.net//mobil/northrock.htm,https://teknocin.net//mobil/northrock.htm,SAFE,4,4% safe,
279,excellent-rp.pl/images/imperial/agfsghjs.php,https://excellent-rp.pl/images/imperial/agfsghjs.php,SAFE,6,6% safe - Targets dynamic script endpoint,
280,chisomventures.com/dir10/Create/Wed/Processing.htm,https://chisomventures.com/dir10/Create/Wed/Processing.htm,SAFE,4,4% safe,
281,www.fcbrokers.com.au/paypai/update/your-account/paypai-login/service/Path=Ishcw32r4t86NZntgyR5359/,https://www.fcbrokers.com.au/paypai/update/your-account/paypai-login/service/Path=Ishcw32r4t86NZntgyR5359/,SUSPICIOUS,35,35% suspicious - Contains risky words,
282,www.fcbrokers.com.au/paypai/update/your-account/paypai-login/service/Restart.php,https://www.fcbrokers.com.au/paypai/update/your-account/paypai-login/service/Restart.php,SUSPICIOUS,37,37% suspicious - Contains risky words,
283,www.capsoftnm.com/main/scap/d1e5500e9cc9019b59e33d222ac0a2ad/,https://www.capsoftnm.com/main/scap/d1e5500e9cc9019b59e33d222ac0a2ad/,SAFE,6,6% safe - Contains randomized path token,
284,www.capsoftnm.com/main/scap/,https://www.capsoftnm.com/main/scap/,SAFE,4,4% safe,
285,www.applecore.co.kr/php/https.htm,https://www.applecore.co.kr/php/https.htm,SAFE,9,9% safe - Looks similar to a known brand,
286,www.pictfor.org.uk/wp-content/paylink/paypal-2012/paypal/index.htm,https://www.pictfor.org.uk/wp-content/paylink/paypal-2012/paypal/index.htm,SAFE,6,6% safe - Contains randomized path token,
287,paypal.com.us.cgi.bin.webscr.cmd.login.member.verifed.aromasdosul.com/54855458214/09ddea7cc4b1cf8155b723b85a8cbe30/,https://paypal.com.us.cgi.bin.webscr.cmd.login.member.verifed.aromasdosul.com/54855458214/09ddea7cc4b1cf8155b723b85a8cbe30/,SUSPICIOUS,33,33% suspicious - Contains risky words,
288,energia-gyogyaszat.hu/wp-content/plugins/azigen/Onlinechas/chaseonlne/online/login.php,https://energia-gyogyaszat.hu/wp-content/plugins/azigen/Onlinechas/chaseonlne/online/login.php,SUSPICIOUS,26,26% suspicious - Contains risky words,
289,spreadabundance.com/uploads/remax/index.htm,https://spreadabundance.com/uploads/remax/index.htm,SAFE,4,4% safe,
290,docs.google.com/spreadsheet/viewform?formkey=dEZzblVwcDBVZWNMaWdCMUt4clprd2c6MQ,https://docs.google.com/spreadsheet/viewform?formkey=dEZzblVwcDBVZWNMaWdCMUt4clprd2c6MQ,SAFE,0,Safe link,
291,mjc-wwl.com/old_aol.1.3/?Login=&amp;Lis=10&amp;LigertID=1993745&amp;us=1,https://mjc-wwl.com/old_aol.1.3/?Login=&amp;Lis=10&amp;LigertID=1993745&amp;us=1,SUSPICIOUS,33,33% suspicious - Contains risky words,
292,passivemobilemoneymachine.com/Paypal_Virefication/8ae53931c14e905bb8ee62e4f321f242/webscr.php?cmd=_login-run&amp;dispatch=5885d80a13c0db1f1ff80d546411d7f8a8350c132bc41e0934cfc023d4e8f9e5,https://passivemobilemoneymachine.com/Paypal_Virefication/8ae53931c14e905bb8ee62e4f321f242/webscr.php?cmd=_login-run&amp;dispatch=5885d80a13c0db1f1ff80d546411d7f8a8350c132bc41e0934cfc023d4e8f9e5,SUSPICIOUS,48,48% suspicious - Contains risky words,
293,solis-charity.org/log/wellsfat/index_login.htm,https://solis-charity.org/log/wellsfat/index_login.htm,SUSPICIOUS,12,12% suspicious - Contains risky words,
294,joiararapetshop.com.br/login.html,https://joiararapetshop.com.br/login.html,SUSPICIOUS,12,12% suspicious - Contains risky words,
295,gunsngadgets.net/webscr-sgi/member2/security/,https://gunsngadgets.net/webscr-sgi/member2/security/,SAFE,6,6% safe - Contains randomized path token,
296,www.greattrailrunsinutah.com/s/www.paypal.it_service-security_confermation/it/Processing1.php?cmd=_Processing&dispatch=5885d80a13c0db1fb6947b0aeae66fdbfb2119927117e3a6f876e0fd34af43657bb4d8e58feeb4bd35122e2d3cb6916d7bb4d8e58feeb4bd35122e2d3cb6916d,https://www.greattrailrunsinutah.com/s/www.paypal.it_service-security_confermation/it/Processing1.php?cmd=_Processing&dispatch=5885d80a13c0db1fb6947b0aeae66fdbfb2119927117e3a6f876e0fd34af43657bb4d8e58feeb4bd35122e2d3cb6916d7bb4d8e58feeb4bd35122e2d3cb6916d,SUSPICIOUS,32,32% suspicious - URL is unusually long,
297,mindfulsolutionsinc.com/rad/mal.html.draft,https://mindfulsolutionsinc.com/rad/mal.html.draft,SAFE,4,4% safe,
298,'www.google.ad/url?sa=f&rct=j&url=https:/www.paypal.com.ar/ar/cgi-bin/webscr\%3Fcmd\%3D_home&q=paypal+argentina&ei=KnwMUJPvJebB0QWg_9TSCg&usg=AFQjCNGS_At_KxJucgoGBbHISLuHcNez_Q',https://'www.google.ad/url?sa=f&rct=j&url=https:/www.paypal.com.ar/ar/cgi-bin/webscr\%3Fcmd\%3D_home&q=paypal+argentina&ei=KnwMUJPvJebB0QWg_9TSCg&usg=AFQjCNGS_At_KxJucgoGBbHISLuHcNez_Q',SUSPICIOUS,18,18% suspicious - Invalid or incomplete link,
299,paypal.com.us.cgi.bin.webscr.cmd.login.member.verifed.aromasdosul.com/54855458214/b281760cf44e0c5275168ea7aaadc75a/,https://paypal.com.us.cgi.bin.webscr.cmd.login.member.verifed.aromasdosul.com/54855458214/b281760cf44e0c5275168ea7aaadc75a/,SUSPICIOUS,33,33% suspicious - Contains risky words,
300,mrterabit.com/remax/,https://mrterabit.com/remax/,SAFE,4,4% safe,
301,paypal-update-information001.currentrealestatetrends.com/webscr_cmd_home&country_lang.x=true/webscr_cmd_home/,https://paypal-update-information001.currentrealestatetrends.com/webscr_cmd_home&country_lang.x=true/webscr_cmd_home/,SUSPICIOUS,40,40% suspicious - Looks similar to a known brand,
302,treeofus.biz/tree/remax/,https://treeofus.biz/tree/remax/,SAFE,4,4% safe,
303,my.screenname.aol.comcqrloginlogin.pspsitedomainsns.webmail.aol.com.lang.acreativestudio.in/Billing/Billing/update.html,https://my.screenname.aol.comcqrloginlogin.pspsitedomainsns.webmail.aol.com.lang.acreativestudio.in/Billing/Billing/update.html,SUSPICIOUS,39,39% suspicious - Contains risky words,
304,mail.aol.com.dopage.msgtimeoutbodysignonbankofampositschecksaveindex.cfmtemplatelcfaq.womens.ro/mail0aol36472aolfamericaonlineupdate.htm,https://mail.aol.com.dopage.msgtimeoutbodysignonbankofampositschecksaveindex.cfmtemplatelcfaq.womens.ro/mail0aol36472aolfamericaonlineupdate.htm,PHISHING,92,92% unsafe - Looks like a fake brand spelling (typo/extra character),
305,caoc.cat/wp-admin/user/admin../remax.com.html,https://caoc.cat/wp-admin/user/admin../remax.com.html,SAFE,6,6% safe - URL has multiple dot segments,
306,cabscomputacion.com.mx/modules/Remax/index.htm,https://cabscomputacion.com.mx/modules/Remax/index.htm,SAFE,4,4% safe,
307,paypal.com-us.cgi-bin-webscr-cmd.login-submit-dispatch.74fghghs68g48fyrt4mn86wvnchtor26hgbfn83m48hg3ufggd4s83f4xct1aa.hoteltroni.com.br/pa/pa/,https://paypal.com-us.cgi-bin-webscr-cmd.login-submit-dispatch.74fghghs68g48fyrt4mn86wvnchtor26hgbfn83m48hg3ufggd4s83f4xct1aa.hoteltroni.com.br/pa/pa/,SUSPICIOUS,42,42% suspicious - Contains risky words,
308,www.jamiefieldevents.com/remax/index.htm,https://www.jamiefieldevents.com/remax/index.htm,SAFE,4,4% safe,
309,0xff.com.br/templates/beez/remax/REMAXX.htm,https://0xff.com.br/templates/beez/remax/REMAXX.htm,SAFE,4,4% safe,
310,whchile.com/medios/Yahoo/,https://whchile.com/medios/Yahoo/,SAFE,4,4% safe,
311,esdstudio.com/ru/wp-admin/images/paypal.fr/error_login.html?cmd=_login-run&dispatch=5885d80a13c0db1f998ca054efbdf2c29878a435fe324eec2511727fbf3e9efcd8,https://esdstudio.com/ru/wp-admin/images/paypal.fr/error_login.html?cmd=_login-run&dispatch=5885d80a13c0db1f998ca054efbdf2c29878a435fe324eec2511727fbf3e9efcd8,SUSPICIOUS,31,31% suspicious - Contains risky words,
312,paypal.com.us.cgi.bin.webscr.cmd.login.member.verifed.aromasdosul.com/54855458214/1dd30b5535f8add275b4fcafd10592ac/,https://paypal.com.us.cgi.bin.webscr.cmd.login.member.verifed.aromasdosul.com/54855458214/1dd30b5535f8add275b4fcafd10592ac/,SUSPICIOUS,33,33% suspicious - Contains risky words,
313,paypal.com.us.cgi.bin.webscr.cmd.login.member.verifed.aromasdosul.com/54855458214,https://paypal.com.us.cgi.bin.webscr.cmd.login.member.verifed.aromasdosul.com/54855458214,SUSPICIOUS,23,23% suspicious - Contains risky words,
314,paypal.com.us.cgi.bin.webscr.cmd.login.member.verifed.aromasdosul.com/54855458214/7c7a9e21f557059fba6dd31d7fcdc796/,https://paypal.com.us.cgi.bin.webscr.cmd.login.member.verifed.aromasdosul.com/54855458214/7c7a9e21f557059fba6dd31d7fcdc796/,SUSPICIOUS,33,33% suspicious - Contains risky words,
315,paypal.com.us.cgi.bin.webscr.cmd.login.member.verifed.aromasdosul.com/54855458214/,https://paypal.com.us.cgi.bin.webscr.cmd.login.member.verifed.aromasdosul.com/54855458214/,SUSPICIOUS,23,23% suspicious - Contains risky words,
316,paypal.com.us.cgi.bin.webscr.cmd.login.member.verifed.aromasdosul.com/54855458214/3853fdefe8082d6d73c5f72bf562e708/,https://paypal.com.us.cgi.bin.webscr.cmd.login.member.verifed.aromasdosul.com/54855458214/3853fdefe8082d6d73c5f72bf562e708/,SUSPICIOUS,33,33% suspicious - Contains risky words,
317,passivemobilemoneymachine.com/Paypal_Virefication/796c8b705a7a52b05d512539f12dbd41/webscr.php?cmd=_login-run&dispatch=5885d80a13c0db1f1ff80d546411d7f8a8350c132bc41e0934cfc023d4e8f9e5,https://passivemobilemoneymachine.com/Paypal_Virefication/796c8b705a7a52b05d512539f12dbd41/webscr.php?cmd=_login-run&dispatch=5885d80a13c0db1f1ff80d546411d7f8a8350c132bc41e0934cfc023d4e8f9e5,SUSPICIOUS,48,48% suspicious - Contains risky words,
318,passivemobilemoneymachine.com/Paypal_Virefication/01f9b721a84d45bbaf6740a69b03ad15/webscr.php?cmd=_login-run&dispatch=5885d80a13c0db1f1ff80d546411d7f8a8350c132bc41e0934cfc023d4e8f9e5,https://passivemobilemoneymachine.com/Paypal_Virefication/01f9b721a84d45bbaf6740a69b03ad15/webscr.php?cmd=_login-run&dispatch=5885d80a13c0db1f1ff80d546411d7f8a8350c132bc41e0934cfc023d4e8f9e5,SUSPICIOUS,48,48% suspicious - Contains risky words,
319,passivemobilemoneymachine.com/Paypal_Virefication/8f66149e87ebbb565d628f976fe09efa/webscr.php?cmd=_login-run&dispatch=5885d80a13c0db1f1ff80d546411d7f8a8350c132bc41e0934cfc023d4e8f9e5,https://passivemobilemoneymachine.com/Paypal_Virefication/8f66149e87ebbb565d628f976fe09efa/webscr.php?cmd=_login-run&dispatch=5885d80a13c0db1f1ff80d546411d7f8a8350c132bc41e0934cfc023d4e8f9e5,SUSPICIOUS,48,48% suspicious - Contains risky words,
320,endahwidowati.com/account/index.php,https://endahwidowati.com/account/index.php,SUSPICIOUS,16,16% suspicious - Contains risky words,
321,www.proves-winged.tk/login.asp?,https://www.proves-winged.tk/login.asp?,SUSPICIOUS,29,29% suspicious - Contains risky words,
322,positype.com/about/aol/update.php,https://positype.com/about/aol/update.php,SUSPICIOUS,16,16% suspicious - Contains risky words,
323,www.saintjohnlutheran.org/remax/index.htm,https://www.saintjohnlutheran.org/remax/index.htm,SAFE,4,4% safe,
324,gwj194.internetdsl.tpnet.pl:84/eBayISAPI.dll.htm?co_partnerId=2&siteid=0&UsingSSL=1,https://gwj194.internetdsl.tpnet.pl:84/eBayISAPI.dll.htm?co_partnerId=2&siteid=0&UsingSSL=1,SUSPICIOUS,11,11% suspicious - URL length is moderately high,
325,metalica.cl/comunidad/media/system/js/.eZa-yIPIllnInruhttp.www.eaY.c0m/,https://metalica.cl/comunidad/media/system/js/.eZa-yIPIllnInruhttp.www.eaY.c0m/,SAFE,7,7% safe - URL has multiple dot segments,
326,paupals.com.cgi.bin.webscr.cmd.login.submit.dispatch.5885d80a13c0db1f8e263663d3faee8.d0288a7fd2903afb85a5540fd44243d03.ggg.tmdhosting310.com/secure-code100/security/login.php,https://paupals.com.cgi.bin.webscr.cmd.login.submit.dispatch.5885d80a13c0db1f8e263663d3faee8.d0288a7fd2903afb85a5540fd44243d03.ggg.tmdhosting310.com/secure-code100/security/login.php,SUSPICIOUS,61,61% suspicious - Contains risky words,
327,paupals.com.cgi.bin.webscr.cmd.login.submit.dispatch.5885d80a13c0db1f8e263663d3faee8.d0288a7fd2903afb85a5540fd44243d03.ggg.tmdhosting310.com/secure-code15/security/login.php,https://paupals.com.cgi.bin.webscr.cmd.login.submit.dispatch.5885d80a13c0db1f8e263663d3faee8.d0288a7fd2903afb85a5540fd44243d03.ggg.tmdhosting310.com/secure-code15/security/login.php,SUSPICIOUS,61,61% suspicious - Contains risky words,
328,passivemobilemoneymachine.com/Paypal_Virefication/01f9b721a84d45bbaf6740a69b03ad15/webscr.php?cmd=_login-run&amp;dispatch=5885d80a13c0db1f1ff80d546411d7f8a8350c132bc41e0934cfc023d4e8f9e5,https://passivemobilemoneymachine.com/Paypal_Virefication/01f9b721a84d45bbaf6740a69b03ad15/webscr.php?cmd=_login-run&amp;dispatch=5885d80a13c0db1f1ff80d546411d7f8a8350c132bc41e0934cfc023d4e8f9e5,SUSPICIOUS,48,48% suspicious - Contains risky words,
329,passivemobilemoneymachine.com/Paypal_Virefication/796c8b705a7a52b05d512539f12dbd41/webscr.php?cmd=_login-run&amp;dispatch=5885d80a13c0db1f1ff80d546411d7f8a8350c132bc41e0934cfc023d4e8f9e5,https://passivemobilemoneymachine.com/Paypal_Virefication/796c8b705a7a52b05d512539f12dbd41/webscr.php?cmd=_login-run&amp;dispatch=5885d80a13c0db1f1ff80d546411d7f8a8350c132bc41e0934cfc023d4e8f9e5,SUSPICIOUS,48,48% suspicious - Contains risky words,
330,bosungcanada.com/bbs/table/board_0/upload/co-operativeinvestments.co.uk.htm,https://bosungcanada.com/bbs/table/board_0/upload/co-operativeinvestments.co.uk.htm,SUSPICIOUS,10,10% suspicious - URL length is moderately high,
331,hotelkutno.blo.pl/out.php?url=www.free.items.blo.pl&amp;alias_id=33567714,https://hotelkutno.blo.pl/out.php?url=www.free.items.blo.pl&amp;alias_id=33567714,SUSPICIOUS,40,40% suspicious - Contains redirect to another link,
332,wedontpaintmurals.com/paypal-confirm/,https://wedontpaintmurals.com/paypal-confirm/,SUSPICIOUS,12,12% suspicious - Contains risky words,
333,hotelkutno.blo.pl/out.php?url=www.free-itemki.blo.pl&amp;alias_id=33567717,https://hotelkutno.blo.pl/out.php?url=www.free-itemki.blo.pl&amp;alias_id=33567717,SUSPICIOUS,48,48% suspicious - Contains redirect to another link,
334,zzzinn.com/www.paypal.co.il/israel/06282818e091d0d3faee8d9384d85353843faee8d9384d85353843ae3ae091d0d3faee8d938/logrun.htm?d80a13c0db1f8e263663d3faee8d9384d85353843a619606282818e091d0fb66ac5db93ccd1b57fe4803d8555feefb66ac5db93ccd1b57fe4803d8555fee,https://zzzinn.com/www.paypal.co.il/israel/06282818e091d0d3faee8d9384d85353843faee8d9384d85353843ae3ae091d0d3faee8d938/logrun.htm?d80a13c0db1f8e263663d3faee8d9384d85353843a619606282818e091d0fb66ac5db93ccd1b57fe4803d8555feefb66ac5db93ccd1b57fe4803d8555fee,SUSPICIOUS,16,16% suspicious - URL is unusually long,
335,www.remembermargo.com/rm/redirection-cielo.html.htm,https://www.remembermargo.com/rm/redirection-cielo.html.htm,SAFE,4,4% safe,
336,www.battled3.tk/login.asp?ref=us.battle.net/account/management2Findex.xml&amp;app=bam,https://www.battled3.tk/login.asp?ref=us.battle.net/account/management2Findex.xml&amp;app=bam,SUSPICIOUS,59,59% suspicious - Contains risky words,
337,www.wfuniforms.com/images/left/index.htm,https://www.wfuniforms.com/images/left/index.htm,SAFE,4,4% safe,
338,seguridadceco.com/xmlrpc/ssl/Gx55AA011055_ssh/Gx55AA011055_ssh/n=1057923584&amp;fid=5c8a45349a8427f921358a42650ce4b/rd0306sv0v0xxx25_DosIgn_ssl=cgi_025553/,https://seguridadceco.com/xmlrpc/ssl/Gx55AA011055_ssh/Gx55AA011055_ssh/n=1057923584&amp;fid=5c8a45349a8427f921358a42650ce4b/rd0306sv0v0xxx25_DosIgn_ssl=cgi_025553/,SUSPICIOUS,21,21% suspicious - URL is unusually long,
339,qualitycleaningatlanta.com/wp-includes/js/crop/index/index/index/index/index/index/gon.php,https://qualitycleaningatlanta.com/wp-includes/js/crop/index/index/index/index/index/index/gon.php,SUSPICIOUS,14,14% suspicious - URL length is above normal,
340,diagsv7.com/html/dp1207-xforex.htm,https://diagsv7.com/html/dp1207-xforex.htm,SAFE,6,6% safe - Contains randomized path token,
341,passivemobilemoneymachine.com/Paypal_Virefication/01f9b721a84d45bbaf6740a69b03ad15/,https://passivemobilemoneymachine.com/Paypal_Virefication/01f9b721a84d45bbaf6740a69b03ad15/,SAFE,7,7% safe - URL length is moderately high,
342,passivemobilemoneymachine.com/Paypal_Virefication/,https://passivemobilemoneymachine.com/Paypal_Virefication/,SAFE,4,4% safe,
343,passivemobilemoneymachine.com/,https://passivemobilemoneymachine.com/,SAFE,4,4% safe,
344,www.paypal.com.wpjsvx0ljnxvxd5pnczgk3olpztff9uzs7egwrv1gcepixsc355ujwinqirag9.adityacalibrationservice.com/,https://www.paypal.com.wpjsvx0ljnxvxd5pnczgk3olpztff9uzs7egwrv1gcepixsc355ujwinqirag9.adityacalibrationservice.com/,SAFE,0,Ignored internal link,
345,paupals.com.cgi.bin.webscr.cmd.login.submit.dispatch.5885d80a13c0db1f8e263663d3faee8.d0288a7fd2903afb85a5540fd44243d03.ggg.tmdhosting310.com/secure-code15/security/,https://paupals.com.cgi.bin.webscr.cmd.login.submit.dispatch.5885d80a13c0db1f8e263663d3faee8.d0288a7fd2903afb85a5540fd44243d03.ggg.tmdhosting310.com/secure-code15/security/,SUSPICIOUS,51,51% suspicious - Contains risky words,
346,paupals.com.cgi.bin.webscr.cmd.login.submit.dispatch.5885d80a13c0db1f8e263663d3faee8.d0288a7fd2903afb85a5540fd44243d03.ggg.tmdhosting310.com/,https://paupals.com.cgi.bin.webscr.cmd.login.submit.dispatch.5885d80a13c0db1f8e263663d3faee8.d0288a7fd2903afb85a5540fd44243d03.ggg.tmdhosting310.com/,SUSPICIOUS,34,34% suspicious - Contains risky words,
347,passivemobilemoneymachine.com/Paypal_Virefication/17cedd085cca8ef8f2cb936474cc03b7/webscr.php?cmd=_login-run&dispatch=5885d80a13c0db1f1ff80d546411d7f8a8350c132bc41e0934cfc023d4e8f9e5,https://passivemobilemoneymachine.com/Paypal_Virefication/17cedd085cca8ef8f2cb936474cc03b7/webscr.php?cmd=_login-run&dispatch=5885d80a13c0db1f1ff80d546411d7f8a8350c132bc41e0934cfc023d4e8f9e5,SUSPICIOUS,48,48% suspicious - Contains risky words,
348,paupals.com.cgi.bin.webscr.cmd.login.submit.dispatch.5885d80a13c0db1f8e263663d3faee8.d0288a7fd2903afb85a5540fd44243d03.ggg.tmdhosting310.com/secure-code8/security/login.php,https://paupals.com.cgi.bin.webscr.cmd.login.submit.dispatch.5885d80a13c0db1f8e263663d3faee8.d0288a7fd2903afb85a5540fd44243d03.ggg.tmdhosting310.com/secure-code8/security/login.php,SUSPICIOUS,61,61% suspicious - Contains risky words,
349,hassanalsheikh.com/wp-content/plugins/cforms/Paypal.Us/,https://hassanalsheikh.com/wp-content/plugins/cforms/Paypal.Us/,SAFE,4,4% safe,
350,www.remax-offer.com/login/,https://www.remax-offer.com/login/,SUSPICIOUS,12,12% suspicious - Contains risky words,
351,www.remax-offer.com/login,https://www.remax-offer.com/login,SUSPICIOUS,12,12% suspicious - Contains risky words,
352,parsunit.com//img/openImg/social_net/agent/realtor.htm,https://parsunit.com//img/openImg/social_net/agent/realtor.htm,SAFE,4,4% safe,
353,tinyurl.com/btdk39c,https://tinyurl.com/btdk39c,SUSPICIOUS,19,19% suspicious - Uses a shortened link,
354,traviantx.xzn.ir/index.html,https://traviantx.xzn.ir/index.html,SAFE,4,4% safe,
355,hassanalsheikh.com/wp-content/wppa-depot/admin/www.paypal.com/restore.php,https://hassanalsheikh.com/wp-content/wppa-depot/admin/www.paypal.com/restore.php,SAFE,8,8% safe - URL has multiple dot segments,
356,hassanalsheikh.com/wp-content/plugins/cforms/Paypal.Us/Thanks.php,https://hassanalsheikh.com/wp-content/plugins/cforms/Paypal.Us/Thanks.php,SAFE,6,6% safe - Targets dynamic script endpoint,
357,euodoo-recycle.co.uk/fileslist.php,https://euodoo-recycle.co.uk/fileslist.php,SAFE,6,6% safe - Targets dynamic script endpoint,
358,home.comcast.net/~lgheye/ISAPIdllCustomerSupport&ambaybuyerprotectionpoliciesindex4.html,https://home.comcast.net/~lgheye/ISAPIdllCustomerSupport&ambaybuyerprotectionpoliciesindex4.html,SAFE,6,6% safe - URL length is moderately high,
359,home.comcast.net/~d.stillabower/ISAPIdllCustomerSupaaport&ambaybuyerprotec4tionpolicie564509sindexha.html,https://home.comcast.net/~d.stillabower/ISAPIdllCustomerSupaaport&ambaybuyerprotec4tionpolicie564509sindexha.html,SUSPICIOUS,10,10% suspicious - URL length is above normal,
360,resolution.center.aspserver.net/cgi-bin/,https://resolution.center.aspserver.net/cgi-bin/,SAFE,4,4% safe,
361,hassanalsheikh.com/wp-content/wppa-depot/admin/www.paypal.com/authwebscr.htm,https://hassanalsheikh.com/wp-content/wppa-depot/admin/www.paypal.com/authwebscr.htm,SUSPICIOUS,20,20% suspicious - Contains risky words,
362,2099714.sites.myregisteredsite.com/suspended.php,https://2099714.sites.myregisteredsite.com/suspended.php,SAFE,8,8% safe - URL has multiple dot segments,
363,www.infocamisas.com/smart/webscr.php,https://www.infocamisas.com/smart/webscr.php,SAFE,6,6% safe - Targets dynamic script endpoint,
364,www.dzpubliker.com/paypal-com.us.webscrlcmdl.login.submit.dispatch.5885d80a/dir.php,https://www.dzpubliker.com/paypal-com.us.webscrlcmdl.login.submit.dispatch.5885d80a/dir.php,SUSPICIOUS,39,39% suspicious - Contains risky words,
365,nexusnovus.com/aa/,https://nexusnovus.com/aa/,SAFE,4,4% safe,
366,senyo.com/old_aol.1.3/?Login=&amp;Lis=10&amp;LigertID=1993745&amp;us=1,https://senyo.com/old_aol.1.3/?Login=&amp;Lis=10&amp;LigertID=1993745&amp;us=1,SUSPICIOUS,33,33% suspicious - Contains risky words,
367,www.healthandwellbeings.net/wp-content/themes/twentyeleven/languages/ter/aol/costor/ubdet/inde.htm?cmd=_login-run&amp;dispatch=5885d80a13c0db1f998ca054efbdf2c29878a435fe324eec2511727fbf3e9efcd8,https://www.healthandwellbeings.net/wp-content/themes/twentyeleven/languages/ter/aol/costor/ubdet/inde.htm?cmd=_login-run&amp;dispatch=5885d80a13c0db1f998ca054efbdf2c29878a435fe324eec2511727fbf3e9efcd8,SUSPICIOUS,37,37% suspicious - Contains risky words,
368,medo.0fees.net/,https://medo.0fees.net/,SAFE,4,4% safe,
369,71102paypal42654.teas111.com/wrtb5U82La.php?3oqdx6NJLr4tY40VavXzRZLmLFka7dt8jFKL5ffS7MFN2a1t5ZCPq1mQMsDROTRIEGkZ6YNsY8QYL4K0IrnXTxlJ9ai5X0rJCsEi,https://71102paypal42654.teas111.com/wrtb5U82La.php?3oqdx6NJLr4tY40VavXzRZLmLFka7dt8jFKL5ffS7MFN2a1t5ZCPq1mQMsDROTRIEGkZ6YNsY8QYL4K0IrnXTxlJ9ai5X0rJCsEi,SUSPICIOUS,33,33% suspicious - Looks similar to a known brand,
370,gcamcam.info/remax-properties.com/remax,https://gcamcam.info/remax-properties.com/remax,SAFE,4,4% safe,
371,gcamcam.info/remax-properties.com/remax/,https://gcamcam.info/remax-properties.com/remax/,SAFE,4,4% safe,
372,merchantcityyoga.com/media/www.paypal.com/,https://merchantcityyoga.com/media/www.paypal.com/,SAFE,4,4% safe,
373,54661paypal97844.teas111.com/Ub3gY3XbNt.php?R72SxAKSw2EimQtn1kxO4XyYXDRUlvqlN35inBMTtCvB2ZRARzs1GOd0AsLqWvVZ25TAwxRP2ASH9lqH2He1iSoblcFdNf1VgDyh,https://54661paypal97844.teas111.com/Ub3gY3XbNt.php?R72SxAKSw2EimQtn1kxO4XyYXDRUlvqlN35inBMTtCvB2ZRARzs1GOd0AsLqWvVZ25TAwxRP2ASH9lqH2He1iSoblcFdNf1VgDyh,SUSPICIOUS,33,33% suspicious - Looks similar to a known brand,
374,shylands.com/old_aol.1.3/?Login=&amp;Lis=10&amp;LigertID=1993745&amp;us=1,https://shylands.com/old_aol.1.3/?Login=&amp;Lis=10&amp;LigertID=1993745&amp;us=1,SUSPICIOUS,33,33% suspicious - Contains risky words,
375,74634paypal15794.teas111.com/978SGe6FdV.php?DTaSyZWbEdEZOrOuLy3KzJFzTqDZXqkLDYEDEr190BQlbmvRs7QW06iGfisMeOETP7XGc8UUJJQNtG86YFz3Zgou0MWaaC7VXcLA,https://74634paypal15794.teas111.com/978SGe6FdV.php?DTaSyZWbEdEZOrOuLy3KzJFzTqDZXqkLDYEDEr190BQlbmvRs7QW06iGfisMeOETP7XGc8UUJJQNtG86YFz3Zgou0MWaaC7VXcLA,SUSPICIOUS,33,33% suspicious - Looks similar to a known brand,
376,53913paypal34640.teas111.com/XczXBUtt7f.php?KzKKyRwGS2o9rbWZGn5mMySh6HCYA0b75Rpx3CdCPOJTT7RLiAWO5AZ8kYAcjY5IHVfv7ijB8h88zoimrzTZYsjwOeBlWgCwU9oR,https://53913paypal34640.teas111.com/XczXBUtt7f.php?KzKKyRwGS2o9rbWZGn5mMySh6HCYA0b75Rpx3CdCPOJTT7RLiAWO5AZ8kYAcjY5IHVfv7ijB8h88zoimrzTZYsjwOeBlWgCwU9oR,SUSPICIOUS,33,33% suspicious - Looks similar to a known brand,
377,34975paypal42002.teas111.com/K8f4IT2uDg.php?vTES36Ae4oNIEG619pLGX5dqdHBXNSQE8RN3VkWJAdSCV6HM87oWwg5ttD1ZORDJc7WIefZ2xW01uINe83t55lIMxEgJOmT29pqU,https://34975paypal42002.teas111.com/K8f4IT2uDg.php?vTES36Ae4oNIEG619pLGX5dqdHBXNSQE8RN3VkWJAdSCV6HM87oWwg5ttD1ZORDJc7WIefZ2xW01uINe83t55lIMxEgJOmT29pqU,SUSPICIOUS,33,33% suspicious - Looks similar to a known brand,
378,brodka.nago.blo.pl/out.php?url=www.tibia.com.subtopic.forum.blo.pl&alias_id=33567796,https://brodka.nago.blo.pl/out.php?url=www.tibia.com.subtopic.forum.blo.pl&alias_id=33567796,SUSPICIOUS,45,45% suspicious - Contains redirect to another link,
379,pyuthansamachar.com/np/Paypal_Virefication/741f85e09681ab7d07cdbad92235ec1e/,https://pyuthansamachar.com/np/Paypal_Virefication/741f85e09681ab7d07cdbad92235ec1e/,SAFE,7,7% safe - URL length is moderately high,
380,beautymeworld.com/login/Remax/,https://beautymeworld.com/login/Remax/,SUSPICIOUS,12,12% suspicious - Contains risky words,
381,beautymeworld.com/login/Remax,https://beautymeworld.com/login/Remax,SUSPICIOUS,12,12% suspicious - Contains risky words,
382,'justoneofthosethings.co.uk/bahi\%20paypal/secure-code4/security/login.php',https://'justoneofthosethings.co.uk/bahi\%20paypal/secure-code4/security/login.php',SUSPICIOUS,18,18% suspicious - Invalid or incomplete link,
383,praic.com/old_aol.1.3/?Login=&amp;Lis=10&amp;LigertID=1993745&amp;us=1,https://praic.com/old_aol.1.3/?Login=&amp;Lis=10&amp;LigertID=1993745&amp;us=1,SUSPICIOUS,33,33% suspicious - Contains risky words,
384,8139paypal43729.teas111.com/PRm7SgIWsB.php?Tw9R1SNHc5WhcqlOZHBYDZcv3BlTfwxk6d4aOzNDAUe0VJonqdmp3CDyAI4kEgYVy8zwE21oRE5IF19TWKb8wGGOKFrAziuFNTYK,https://8139paypal43729.teas111.com/PRm7SgIWsB.php?Tw9R1SNHc5WhcqlOZHBYDZcv3BlTfwxk6d4aOzNDAUe0VJonqdmp3CDyAI4kEgYVy8zwE21oRE5IF19TWKb8wGGOKFrAziuFNTYK,SUSPICIOUS,33,33% suspicious - Looks similar to a known brand,
385,lumenamusic.co.uk/wp-includes/aol.com/update.htm,https://lumenamusic.co.uk/wp-includes/aol.com/update.htm,SUSPICIOUS,16,16% suspicious - Contains risky words,
386,buytradeselltradingpost.com/,https://buytradeselltradingpost.com/,SAFE,4,4% safe,
387,rollershutter-direct.com/60d21bfab1ade33a41985ca86e9919c9/,https://rollershutter-direct.com/60d21bfab1ade33a41985ca86e9919c9/,SAFE,6,6% safe - Contains randomized path token,
388,'justoneofthosethings.co.uk/bahi\%20paypal/secure-code145/security/login.php',https://'justoneofthosethings.co.uk/bahi\%20paypal/secure-code145/security/login.php',SUSPICIOUS,18,18% suspicious - Invalid or incomplete link,
389,paypal.com.uscgi-bin.webscr.cmd.login-submit.dispatch.97c8e6d0d14f43b296fdbdb6189c802954b1267956048.suenacristo.com/0849f92bfc666057aea229286e4513bd/,https://paypal.com.uscgi-bin.webscr.cmd.login-submit.dispatch.97c8e6d0d14f43b296fdbdb6189c802954b1267956048.suenacristo.com/0849f92bfc666057aea229286e4513bd/,SUSPICIOUS,40,40% suspicious - Contains risky words,
390,paypal.com.uscgi-bin.webscr.cmd.login-submit.dispatch.97c8e6d0d14f43b296fdbdb6189c802954b1267956048.suenacristo.com/,https://paypal.com.uscgi-bin.webscr.cmd.login-submit.dispatch.97c8e6d0d14f43b296fdbdb6189c802954b1267956048.suenacristo.com/,SUSPICIOUS,28,28% suspicious - Contains risky words,
391,balihdxzv.php5.cz/ooxo/iiaolup.htm,https://balihdxzv.php5.cz/ooxo/iiaolup.htm,SAFE,4,4% safe,
392,wooperformance.com/components/com_mailto/page_data.capitec.data/,https://wooperformance.com/components/com_mailto/page_data.capitec.data/,SAFE,4,4% safe,
393,www.soymarketero.com/wp-content/themes/Avenue/cache/eBayISAPI.html?,https://www.soymarketero.com/wp-content/themes/Avenue/cache/eBayISAPI.html?,SAFE,4,4% safe,
394,gh2325.hyperphp.com/feedback/feedback.html,https://gh2325.hyperphp.com/feedback/feedback.html,SAFE,4,4% safe,
395,www.hotpennystocktowatch.com/~lmafamor/www.paypal.com.au/webscr.php,https://www.hotpennystocktowatch.com/~lmafamor/www.paypal.com.au/webscr.php,SUSPICIOUS,21,21% suspicious - Contains risky words,
396,eczemaherpeticum.skindisordersinfo.com/~lmafamor/www.paypal.com.au/webscr.php,https://eczemaherpeticum.skindisordersinfo.com/~lmafamor/www.paypal.com.au/webscr.php,SUSPICIOUS,12,12% suspicious - URL length is moderately high,
397,www.ron1hope.com/~lmafamor/www.paypal.com.au/webscr.php,https://www.ron1hope.com/~lmafamor/www.paypal.com.au/webscr.php,SAFE,8,8% safe - URL has multiple dot segments,
398,www.golfmkt.com/~lmafamor/www.paypal.com.au/webscr.php,https://www.golfmkt.com/~lmafamor/www.paypal.com.au/webscr.php,SAFE,8,8% safe - URL has multiple dot segments,
399,www.theorderangel.com/~lmafamor/www.paypal.com.au/webscr.php,https://www.theorderangel.com/~lmafamor/www.paypal.com.au/webscr.php,SAFE,8,8% safe - URL has multiple dot segments,
400,www.itsgolfersworld.com/~lmafamor/www.paypal.com.au/webscr.php,https://www.itsgolfersworld.com/~lmafamor/www.paypal.com.au/webscr.php,SAFE,8,8% safe - URL has multiple dot segments,
401,www.workfromhomecooloffers.com/~lmafamor/www.paypal.com.au/webscr.php,https://www.workfromhomecooloffers.com/~lmafamor/www.paypal.com.au/webscr.php,SAFE,8,8% safe - URL has multiple dot segments,
402,www.winthelotteryinfo.com/~lmafamor/www.paypal.com.au/webscr.php,https://www.winthelotteryinfo.com/~lmafamor/www.paypal.com.au/webscr.php,SAFE,8,8% safe - URL has multiple dot segments,
403,www.doggie-school.com/~lmafamor/www.paypal.com.au/webscr.php,https://www.doggie-school.com/~lmafamor/www.paypal.com.au/webscr.php,SAFE,8,8% safe - URL has multiple dot segments,
404,www.premiumcentral.us/~lmafamor/www.paypal.com.au/webscr.php,https://www.premiumcentral.us/~lmafamor/www.paypal.com.au/webscr.php,SAFE,8,8% safe - URL has multiple dot segments,
405,www.warriorspiritcenter.com/~lmafamor/www.paypal.com.au/webscr.php,https://www.warriorspiritcenter.com/~lmafamor/www.paypal.com.au/webscr.php,SAFE,8,8% safe - URL has multiple dot segments,
406,www.instantmobilemoneymaker.com/~lmafamor/www.paypal.com.au/webscr.php,https://www.instantmobilemoneymaker.com/~lmafamor/www.paypal.com.au/webscr.php,SAFE,8,8% safe - URL has multiple dot segments,
407,www.thesmileforsuccess.com/~lmafamor/www.paypal.com.au/webscr.php,https://www.thesmileforsuccess.com/~lmafamor/www.paypal.com.au/webscr.php,SAFE,8,8% safe - URL has multiple dot segments,
408,www.myred19.com/~lmafamor/www.paypal.com.au/webscr.php,https://www.myred19.com/~lmafamor/www.paypal.com.au/webscr.php,SAFE,8,8% safe - URL has multiple dot segments,
409,www.indesmoineslocalarea.com/~lmafamor/www.paypal.com.au/webscr.php,https://www.indesmoineslocalarea.com/~lmafamor/www.paypal.com.au/webscr.php,SAFE,8,8% safe - URL has multiple dot segments,
410,www.nk-shouseofstuff.net/~lmafamor/www.paypal.com.au/webscr.php,https://www.nk-shouseofstuff.net/~lmafamor/www.paypal.com.au/webscr.php,SAFE,8,8% safe - URL has multiple dot segments,
411,appliancerepair.inteignmoutharea.co.uk/~lmafamor/www.paypal.com.au/webscr.php,https://appliancerepair.inteignmoutharea.co.uk/~lmafamor/www.paypal.com.au/webscr.php,SUSPICIOUS,12,12% suspicious - URL length is moderately high,
412,www.paypal.com.uscgi-bin.webscr.cmd.login-submit.dispatch.97c8e6d0d14f43b296fdbdb6189c802954b1267956048.suenacristo.com/dcbb1137ac4fc5105b0a7a9c56e1db52/,https://www.paypal.com.uscgi-bin.webscr.cmd.login-submit.dispatch.97c8e6d0d14f43b296fdbdb6189c802954b1267956048.suenacristo.com/dcbb1137ac4fc5105b0a7a9c56e1db52/,SUSPICIOUS,40,40% suspicious - Contains risky words,
413,paypal.com.uscgi-bin.webscr.cmd.login-submit.dispatch.97c8e6d0d14f43b296fdbdb6189c802954b1267956048.suenacristo.com/99b0958f265bf05c6e9413f9ea005fb1/,https://paypal.com.uscgi-bin.webscr.cmd.login-submit.dispatch.97c8e6d0d14f43b296fdbdb6189c802954b1267956048.suenacristo.com/99b0958f265bf05c6e9413f9ea005fb1/,SUSPICIOUS,40,40% suspicious - Contains risky words,
414,paypal.cgi.bin.get-into.herf.secure.dispatch35463256rzr321654641dsf6543218747841hjk41231.propiedadesallende.cl/get-into/get-into/a945c25dfe14fae63cd78d32be9dd52d/wbsccr.htm?cmd=_processing&dispatch=5885d80a13c0db1fb6947b0aeae66fdbfb2119927117e3a6f876e0fd34af4365ee84938712f9a6bcd84a04c8c2b8ca62ee84938712f9a6bcd84a04c8c2b8ca62,https://paypal.cgi.bin.get-into.herf.secure.dispatch35463256rzr321654641dsf6543218747841hjk41231.propiedadesallende.cl/get-into/get-into/a945c25dfe14fae63cd78d32be9dd52d/wbsccr.htm?cmd=_processing&dispatch=5885d80a13c0db1fb6947b0aeae66fdbfb2119927117e3a6f876e0fd34af4365ee84938712f9a6bcd84a04c8c2b8ca62ee84938712f9a6bcd84a04c8c2b8ca62,SUSPICIOUS,48,48% suspicious - Contains risky words,
415,paypal.cgi.bin.get-into.herf.secure.dispatch35463256rzr321654641dsf6543218747841hjk41231.propiedadesallende.cl/get-into/get-into/8bb2c98e80c780e4bd0c554486b4355e/wbsccr.htm?cmd=_processing&dispatch=5885d80a13c0db1fb6947b0aeae66fdbfb2119927117e3a6f876e0fd34af4365ee84938712f9a6bcd84a04c8c2b8ca62ee84938712f9a6bcd84a04c8c2b8ca62,https://paypal.cgi.bin.get-into.herf.secure.dispatch35463256rzr321654641dsf6543218747841hjk41231.propiedadesallende.cl/get-into/get-into/8bb2c98e80c780e4bd0c554486b4355e/wbsccr.htm?cmd=_processing&dispatch=5885d80a13c0db1fb6947b0aeae66fdbfb2119927117e3a6f876e0fd34af4365ee84938712f9a6bcd84a04c8c2b8ca62ee84938712f9a6bcd84a04c8c2b8ca62,SUSPICIOUS,48,48% suspicious - Contains risky words,
416,www.driveways-som.com/old_aol.1.3/?Login=&amp;Lis=10&amp;LigertID=1993745&amp;us=1,https://www.driveways-som.com/old_aol.1.3/?Login=&amp;Lis=10&amp;LigertID=1993745&amp;us=1,SUSPICIOUS,39,39% suspicious - Contains risky words,
417,www.ambmarques.com/~mpseu/l/,https://www.ambmarques.com/~mpseu/l/,SAFE,4,4% safe,
418,dhoso.com/.confirm/webscr.php?cmd=_login-run&dispatch=5885d80a13c0db1f1ff80d546411d7f8a8350c132bc41e0934cfc023d4e8f9e5cf719fcd33c03df0325a8492517cd170cf719fcd33c03df0325a8492517cd170,https://dhoso.com/.confirm/webscr.php?cmd=_login-run&dispatch=5885d80a13c0db1f1ff80d546411d7f8a8350c132bc41e0934cfc023d4e8f9e5cf719fcd33c03df0325a8492517cd170cf719fcd33c03df0325a8492517cd170,SUSPICIOUS,49,49% suspicious - Contains risky words,
419,www.bancadenoticias.com/~mpseu/l/,https://www.bancadenoticias.com/~mpseu/l/,SAFE,4,4% safe,
420,ppldamansao.developmotion.net/~mpseu/l/,https://ppldamansao.developmotion.net/~mpseu/l/,SAFE,4,4% safe,
421,v-27-120-105-164.ub-freebit.net/www1.royalbank.com/cgi-bin/rbaccess4/rbunxcgi/,https://v-27-120-105-164.ub-freebit.net/www1.royalbank.com/cgi-bin/rbaccess4/rbunxcgi/,SUSPICIOUS,31,31% suspicious - Contains risky words,
422,v-27-120-105-164.ub-freebit.net/www1.royalbank.com/cgi-bin/rbaccess3/rbunxcgi/,https://v-27-120-105-164.ub-freebit.net/www1.royalbank.com/cgi-bin/rbaccess3/rbunxcgi/,SUSPICIOUS,31,31% suspicious - Contains risky words,
423,v-27-120-105-164.ub-freebit.net/www1.royalbank.com/cgi-bin/rbaccess2/rbunxcgi/,https://v-27-120-105-164.ub-freebit.net/www1.royalbank.com/cgi-bin/rbaccess2/rbunxcgi/,SUSPICIOUS,31,31% suspicious - Contains risky words,
424,v-27-120-105-164.ub-freebit.net/www1.royalbank.com/cgi-bin/rbaccess/rbunxcgi/,https://v-27-120-105-164.ub-freebit.net/www1.royalbank.com/cgi-bin/rbaccess/rbunxcgi/,SUSPICIOUS,31,31% suspicious - Contains risky words,
425,www.paypal.com.cgi-bin-webscr.cmd-login-submit-dispatch-5885d80a13c0db1f8e263663d.sakongroup.net/en-us/en/204acdeb34d713e4aeb264f790a8454b/,https://www.paypal.com.cgi-bin-webscr.cmd-login-submit-dispatch-5885d80a13c0db1f8e263663d.sakongroup.net/en-us/en/204acdeb34d713e4aeb264f790a8454b/,SUSPICIOUS,43,43% suspicious - Contains risky words,
426,www.paypal.com.cgi-bin-webscr.cmd-login-submit-dispatch-5885d80a13c0db1f8e263663d.sakongroup.net/en-us/en/,https://www.paypal.com.cgi-bin-webscr.cmd-login-submit-dispatch-5885d80a13c0db1f8e263663d.sakongroup.net/en-us/en/,SUSPICIOUS,31,31% suspicious - Contains risky words,
427,promocoesvoegol.endoftheinternet.org/voegol.php,https://promocoesvoegol.endoftheinternet.org/voegol.php,SAFE,6,6% safe - Targets dynamic script endpoint,
428,lafaomega.nl/cgibin/nl/index.php,https://lafaomega.nl/cgibin/nl/index.php,SAFE,6,6% safe - Targets dynamic script endpoint,
429,home.comcast.net/~arucker/ISAPIdllCustomerSupaaport&amp;ambaybuyerprotec4tionpolicie564509sindexha.html,https://home.comcast.net/~arucker/ISAPIdllCustomerSupaaport&amp;ambaybuyerprotec4tionpolicie564509sindexha.html,SAFE,7,7% safe - URL length is above normal,
430,'justoneofthosethings.co.uk/bahi\%20paypal/secure-code4/security/',https://'justoneofthosethings.co.uk/bahi\%20paypal/secure-code4/security/',SUSPICIOUS,18,18% suspicious - Invalid or incomplete link,
431,'justoneofthosethings.co.uk/bahi\%20paypal/',https://'justoneofthosethings.co.uk/bahi\%20paypal/',SUSPICIOUS,18,18% suspicious - Invalid or incomplete link,
432,thewhiskeydregs.com/wp-content/themes/widescreen/includes/temp/smiless/?84784787824HDJNDJDSJSHD//2724782784/,https://thewhiskeydregs.com/wp-content/themes/widescreen/includes/temp/smiless/?84784787824HDJNDJDSJSHD//2724782784/,SUSPICIOUS,11,11% suspicious - URL length is above normal,
433,thewhiskeydregs.com/wp-content/themes/widescreen/includes/temp/smiless/,https://thewhiskeydregs.com/wp-content/themes/widescreen/includes/temp/smiless/,SAFE,7,7% safe - URL contains several special characters,
434,'x.jmxded233.net/y.z?l=http\%3a\%2f\%2fwww.aa.com\%2fcontactaa&amp;r=1142588167&amp;d=380557&amp;p=1&amp;t=h',https://'x.jmxded233.net/y.z?l=http\%3a\%2f\%2fwww.aa.com\%2fcontactaa&amp;r=1142588167&amp;d=380557&amp;p=1&amp;t=h',SUSPICIOUS,18,18% suspicious - Invalid or incomplete link,
435,arcot6.mcsecurec.com/,https://arcot6.mcsecurec.com/,SUSPICIOUS,12,12% suspicious - Contains risky words,
436,ns1.jayshreeindia.in/icons/.reg/secure.regions.com/System/index.html,https://ns1.jayshreeindia.in/icons/.reg/secure.regions.com/System/index.html,SUSPICIOUS,19,19% suspicious - Contains risky words,
437,ns1.jayshreeindia.in/icons/.reg/secure.regions.com/System/index.php,https://ns1.jayshreeindia.in/icons/.reg/secure.regions.com/System/index.php,SUSPICIOUS,24,24% suspicious - Contains risky words,
438,bplprojekt.pl/files/index.html,https://bplprojekt.pl/files/index.html,SAFE,4,4% safe,
439,motocarson.com/secure.kijiji.ca/SignIn/,https://motocarson.com/secure.kijiji.ca/SignIn/,SUSPICIOUS,19,19% suspicious - Contains risky words,
440,strippokerdollars.com/wp-includes/Redirect.php,https://strippokerdollars.com/wp-includes/Redirect.php,SAFE,6,6% safe - Targets dynamic script endpoint,
441,www.distribuzione-informatica.it/admin/uploads/open24onlinesecure/open24onlinesecure/login.aspx.htm,https://www.distribuzione-informatica.it/admin/uploads/open24onlinesecure/open24onlinesecure/login.aspx.htm,SUSPICIOUS,33,33% suspicious - Contains risky words,
442,'justoneofthosethings.co.uk/bahi\%20paypal/secure-code0/security/login.php',https://'justoneofthosethings.co.uk/bahi\%20paypal/secure-code0/security/login.php',SUSPICIOUS,18,18% suspicious - Invalid or incomplete link,
443,jornalo2.com.br/nowsignnowonebaysigninowsiginnow/index.html.htm,https://jornalo2.com.br/nowsignnowonebaysigninowsiginnow/index.html.htm,SUSPICIOUS,16,16% suspicious - Contains risky words,
444,www.colombopaesedelicias.com.br/images/securechaseaccountchase.com/index.html,https://www.colombopaesedelicias.com.br/images/securechaseaccountchase.com/index.html,SUSPICIOUS,24,24% suspicious - Contains risky words,
445,us.battle.net.login.pandaria-blizzard.net/login.asp,https://us.battle.net.login.pandaria-blizzard.net/login.asp,SUSPICIOUS,24,24% suspicious - Contains risky words,
446,'www.battled3.tk/login.asp?ref=https\%3A\%2F\%2Fus.battle.net\%2Faccount\%2Fmanagement2Findex.xml&amp;app=bam',https://'www.battled3.tk/login.asp?ref=https\%3A\%2F\%2Fus.battle.net\%2Faccount\%2Fmanagement2Findex.xml&amp;app=bam',SUSPICIOUS,18,18% suspicious - Invalid or incomplete link,
447,www.cad4589.fav.cc/Nova/cielo/index.html?Primeiro-erro,https://www.cad4589.fav.cc/Nova/cielo/index.html?Primeiro-erro,SAFE,4,4% safe,
448,www.cad4589.fav.cc/Nova/index3.html,https://www.cad4589.fav.cc/Nova/index3.html,SAFE,6,6% safe - Contains randomized path token,
449,www.zachod.pl/wp-content/plugins/hyper-cache/?/aol.com/hotmail.com/gmail.com/comcast.com/index.php,https://www.zachod.pl/wp-content/plugins/hyper-cache/?/aol.com/hotmail.com/gmail.com/comcast.com/index.php,SUSPICIOUS,16,16% suspicious - URL length is above normal,
450,www.cad4589.fav.cc/Nova/index2.html,https://www.cad4589.fav.cc/Nova/index2.html,SAFE,6,6% safe - Contains randomized path token,
451,www.cad4589.fav.cc/Nova/cielo/index.html,https://www.cad4589.fav.cc/Nova/cielo/index.html,SAFE,4,4% safe,
452,v-27-120-105-164.ub-freebit.net/www1.royalbank.com/cgi-bin/rbaccess5/rbunxcgi/,https://v-27-120-105-164.ub-freebit.net/www1.royalbank.com/cgi-bin/rbaccess5/rbunxcgi/,SUSPICIOUS,31,31% suspicious - Contains risky words,
453,5stteam.ru/shmario/scripts/admin/NF-Eletronica.php,https://5stteam.ru/shmario/scripts/admin/NF-Eletronica.php,SAFE,6,6% safe - Targets dynamic script endpoint,
454,standard-invfin.com/cute/us.match.com-login.php,https://standard-invfin.com/cute/us.match.com-login.php,SUSPICIOUS,21,21% suspicious - Contains risky words,
455,off.st/mailadmin,https://off.st/mailadmin,SAFE,4,4% safe,
456,mcdonaldmeats.com.au/neon/matrix/turcia/,https://mcdonaldmeats.com.au/neon/matrix/turcia/,SAFE,4,4% safe,
457,standard-invfin.com/massive/us.match.com-login.php,https://standard-invfin.com/massive/us.match.com-login.php,SUSPICIOUS,21,21% suspicious - Contains risky words,
458,beam.to/3912,https://beam.to/3912,SAFE,4,4% safe,
459,docs.google.com/spreadsheet/viewform?formkey=dDFNbWxwZi1VZVZ6YVY3RDl0Tm9YQXc6MQ,https://docs.google.com/spreadsheet/viewform?formkey=dDFNbWxwZi1VZVZ6YVY3RDl0Tm9YQXc6MQ,SAFE,0,Safe link,
460,lsiberereseerve.com/llllllllibertyreserve.com/verify.php,https://lsiberereseerve.com/llllllllibertyreserve.com/verify.php,SUSPICIOUS,16,16% suspicious - Contains risky words,
461,docs.google.com/a/poli.ufrj.br/spreadsheet/viewform?formkey=dDFNbWxwZi1VZVZ6YVY3RDl0Tm9YQXc6MQ,https://docs.google.com/a/poli.ufrj.br/spreadsheet/viewform?formkey=dDFNbWxwZi1VZVZ6YVY3RDl0Tm9YQXc6MQ,SAFE,0,Safe link,
462,kalsiestate.com/cache/Cielo/index.html,https://kalsiestate.com/cache/Cielo/index.html,SAFE,4,4% safe,
463,omega-elevators.com/~starlife/system/Danois.technique.haster.urgent.help.confirm/auth_user/bins/auth0user.cgidate=354397671245442/pay_form_ec_cvv2.html,https://omega-elevators.com/~starlife/system/Danois.technique.haster.urgent.help.confirm/auth_user/bins/auth0user.cgidate=354397671245442/pay_form_ec_cvv2.html,SUSPICIOUS,58,58% suspicious - Contains risky words,
464,mail.accounts.validation-users.le-cv.com/,https://mail.accounts.validation-users.le-cv.com/,SUSPICIOUS,62,62% suspicious - Looks like a fake brand spelling (typo/extra character),
465,www.yato.pl/wp-content/plugins/wp-realtime-sitemap/language/logins/signonSetup.php,https://www.yato.pl/wp-content/plugins/wp-realtime-sitemap/language/logins/signonSetup.php,SUSPICIOUS,26,26% suspicious - Contains risky words,
466,easternlegacy.com/modules/FileManager/page_capitec_page.htm/,https://easternlegacy.com/modules/FileManager/page_capitec_page.htm/,SAFE,4,4% safe,
467,atdf.de/wp-includes/js/webscr.php?cmd=_login-run&dispatch=5885d80a13c0db1f1ff80d546411d7f84f1036d8f209d3d19ebb6f4eeec8bd0e1e6eb7c3cb46b4e4a861f9fc1d38506a1e6eb7c3cb46b4e4a861f9fc1d38506a,https://atdf.de/wp-includes/js/webscr.php?cmd=_login-run&dispatch=5885d80a13c0db1f1ff80d546411d7f84f1036d8f209d3d19ebb6f4eeec8bd0e1e6eb7c3cb46b4e4a861f9fc1d38506a1e6eb7c3cb46b4e4a861f9fc1d38506a,SUSPICIOUS,38,38% suspicious - Contains risky words,
468,www.logi-worofnorra.tk/login.asp,https://www.logi-worofnorra.tk/login.asp,SUSPICIOUS,29,29% suspicious - Contains risky words,
469,home.comcast.net/~igoforg/aza/1.html,https://home.comcast.net/~igoforg/aza/1.html,SAFE,4,4% safe,
470,nizarkhalili.com/root/wbsccr.php?cmd=_Processing&dispatch=5885d80a13c0db1fb6947b0aeae66fdbfb2119927117e3a6f876e0fd34af436569905a3104029cd88dc87c4ba0c7f18d69905a3104029cd88dc87c4ba0c7f18d,https://nizarkhalili.com/root/wbsccr.php?cmd=_Processing&dispatch=5885d80a13c0db1fb6947b0aeae66fdbfb2119927117e3a6f876e0fd34af436569905a3104029cd88dc87c4ba0c7f18d69905a3104029cd88dc87c4ba0c7f18d,SUSPICIOUS,13,13% suspicious - URL is unusually long,
471,turismromania.info/wp-content/themes/twentyten/images/,https://turismromania.info/wp-content/themes/twentyten/images/,SAFE,4,4% safe,
472,www.taezny.ru/modules/mod_login/www.nets.eu/dk-da/Pages/default.aspx/,https://www.taezny.ru/modules/mod_login/www.nets.eu/dk-da/Pages/default.aspx/,SUSPICIOUS,21,21% suspicious - Contains risky words,
473,www.ihr-einkauf.com/ie_bilder/Files/files/customer/login/logout/,https://www.ihr-einkauf.com/ie_bilder/Files/files/customer/login/logout/,SUSPICIOUS,16,16% suspicious - Contains risky words,
474,ryfo.org/www.paypal.com/index.php?cmd=_login-submit&dispatch=5885d80a13c0db1f998ca054efbdf2c25fe4a05bcb33bff68c4fe49456517e3e,https://ryfo.org/www.paypal.com/index.php?cmd=_login-submit&dispatch=5885d80a13c0db1f998ca054efbdf2c25fe4a05bcb33bff68c4fe49456517e3e,SUSPICIOUS,44,44% suspicious - Contains risky words,
475,easternlegacy.com/thumbnails/deposit_ibank.capitec.dept./inpact_pageout.info/,https://easternlegacy.com/thumbnails/deposit_ibank.capitec.dept./inpact_pageout.info/,SUSPICIOUS,20,20% suspicious - Contains risky words,
476,easternlegacy.com/caurina/transitions/properties/secure_capitec_secure/,https://easternlegacy.com/caurina/transitions/properties/secure_capitec_secure/,SUSPICIOUS,12,12% suspicious - Contains risky words,
477,member.paypal.com.cgi.bin.webscr.cmd.flow.session.lohzumu98pjkwkwudgtj3ie6btlub.online775885d80a13c0db1f8e263663d3faee8d43b1bb6ca3ufquez.befemelle.com/,https://member.paypal.com.cgi.bin.webscr.cmd.flow.session.lohzumu98pjkwkwudgtj3ie6btlub.online775885d80a13c0db1f8e263663d3faee8d43b1bb6ca3ufquez.befemelle.com/,SUSPICIOUS,16,16% suspicious - URL is unusually long,
478,www.mpiturbo.com/form/use/fr1/form1.html,https://www.mpiturbo.com/form/use/fr1/form1.html,SAFE,6,6% safe - Contains randomized path token,
479,akasyasesli.com/css/webscr.php?cmd=_login-run&dispatch=5885d80a13c0db1f1ff80d546411d7f84f1036d8f209d3d19ebb6f4eeec8bd0e4151edd874cc067a1b75381736f118e64151edd874cc067a1b75381736f118e6,https://akasyasesli.com/css/webscr.php?cmd=_login-run&dispatch=5885d80a13c0db1f1ff80d546411d7f84f1036d8f209d3d19ebb6f4eeec8bd0e4151edd874cc067a1b75381736f118e64151edd874cc067a1b75381736f118e6,SUSPICIOUS,38,38% suspicious - Contains risky words,
480,www.fazetook.com/,https://www.fazetook.com/,SAFE,4,4% safe,
481,www.paypal.at.cgi-bin.3c0db1f8e263663d3faee8d7283e7f0184a5674430f290db9e9c846.app.goonow.com/at/index.htm,https://www.paypal.at.cgi-bin.3c0db1f8e263663d3faee8d7283e7f0184a5674430f290db9e9c846.app.goonow.com/at/index.htm,SUSPICIOUS,12,12% suspicious - URL length is above normal,
482,paypal.com.cgi-bin.webscr.cmd-account-run.updates-paypal.confirm-paypal.details.php.cmd.account.kalpanacrafts.com/webscr.php,https://paypal.com.cgi-bin.webscr.cmd-account-run.updates-paypal.confirm-paypal.details.php.cmd.account.kalpanacrafts.com/webscr.php,SUSPICIOUS,65,65% suspicious - Looks similar to a known brand,
483,www.axelpaq.com/wp-includes/css/rabobank.php,https://www.axelpaq.com/wp-includes/css/rabobank.php,SUSPICIOUS,16,16% suspicious - Contains risky words,
484,paypal.com.cgi-bin.webscr.cmd.login-run.5885d80a13c0db1f8e263663d3wi892ee8dcbdhe788a5.perfectclassified.org/login/aaed41fac949365691b2822928d11142/,https://paypal.com.cgi-bin.webscr.cmd.login-run.5885d80a13c0db1f8e263663d3wi892ee8dcbdhe788a5.perfectclassified.org/login/aaed41fac949365691b2822928d11142/,SUSPICIOUS,40,40% suspicious - Contains risky words,
485,www.pelder.heliohost.org/wp-includes/js/jquery/nabisco/index.htm,https://www.pelder.heliohost.org/wp-includes/js/jquery/nabisco/index.htm,SAFE,4,4% safe,
486,adamchuk.com/im/northrock.htm,https://adamchuk.com/im/northrock.htm,SAFE,4,4% safe,
487,sambilan.com/wp-includes/css/,https://sambilan.com/wp-includes/css/,SAFE,4,4% safe,
488,'cciampnr.com/car/Carsales\%20Network\%20Seller\%20Engine.htm',https://'cciampnr.com/car/Carsales\%20Network\%20Seller\%20Engine.htm',SUSPICIOUS,18,18% suspicious - Invalid or incomplete link,
489,robertcraigactive.co.uk/wp-content/plugins/wp-pagenavi/scb/www.visaeurope.fr/,https://robertcraigactive.co.uk/wp-content/plugins/wp-pagenavi/scb/www.visaeurope.fr/,SUSPICIOUS,11,11% suspicious - URL length is moderately high,
490,www.udc.an/wp-includes/js/tinymce/themes/advanced/js/frm.htm,https://www.udc.an/wp-includes/js/tinymce/themes/advanced/js/frm.htm,SAFE,7,7% safe - URL contains several special characters,
491,perpamuaythai.com/N/northrock.htm,https://perpamuaythai.com/N/northrock.htm,SAFE,4,4% safe,
492,ncr.grnnx.com/,https://ncr.grnnx.com/,SAFE,4,4% safe,
493,www.paypal.de.de.cgi-bin.3c0db1f8e263663d3faee8d7283e7f0184a5674430f290db9e9c846.app.goonow.com/de/index.htm,https://www.paypal.de.de.cgi-bin.3c0db1f8e263663d3faee8d7283e7f0184a5674430f290db9e9c846.app.goonow.com/de/index.htm,SUSPICIOUS,12,12% suspicious - URL length is above normal,
494,xfiles.eink.com/dessing/site/secure/your/personal/account/be/more/safe/whit/us/dont/trust/lier/dk/olb/auth/,https://xfiles.eink.com/dessing/site/secure/your/personal/account/be/more/safe/whit/us/dont/trust/lier/dk/olb/auth/,SUSPICIOUS,41,41% suspicious - Contains risky words,
495,us.battle.net.acc.yv-login.com/login/en/login.html?app=wam&ref=www.worldofwarcraft.com/account/&eor=0&app=bam,https://us.battle.net.acc.yv-login.com/login/en/login.html?app=wam&ref=www.worldofwarcraft.com/account/&eor=0&app=bam,SUSPICIOUS,52,52% suspicious - Contains risky words,
496,toulouse-epilation-laser.com/docs/webscr.php?cmd=_login-run&dispatch=5885d80a13c0db1f1ff80d546411d7f84f1036d8f209d3d19ebb6f4eeec8bd0e6602edfaa0875ecccabb435dedee88be6602edfaa0875ecccabb435dedee88be,https://toulouse-epilation-laser.com/docs/webscr.php?cmd=_login-run&dispatch=5885d80a13c0db1f1ff80d546411d7f84f1036d8f209d3d19ebb6f4eeec8bd0e6602edfaa0875ecccabb435dedee88be6602edfaa0875ecccabb435dedee88be,SUSPICIOUS,38,38% suspicious - Contains risky words,
497,dentalcosta.com.br/security/login.php,https://dentalcosta.com.br/security/login.php,SUSPICIOUS,16,16% suspicious - Contains risky words,
498,ioproc.nl/cgibin/nl/webscr.php?cmd=_login-run&amp;dispatch=43e2bce28325592c95b0c9e23471746043e2bce28325592c95b0c9e234717460,https://ioproc.nl/cgibin/nl/webscr.php?cmd=_login-run&amp;dispatch=43e2bce28325592c95b0c9e23471746043e2bce28325592c95b0c9e234717460,SUSPICIOUS,38,38% suspicious - Contains risky words,
499,www.strmedia.com/reels/0000/0004/process.php,https://www.strmedia.com/reels/0000/0004/process.php,SAFE,6,6% safe - Targets dynamic script endpoint,
500,'mkto-k0126.com/track?type=click&enid=bWFpbGluZ2lkPXByb2Qtay0xODUmbWVzc2FnZWlkPTE4NSZkYXRhYmFzZWlkPTEzMjY0MjMzMjEmc2VyaWFsPTEyNDI4MDkzMjEmZW1haWxpZD10bWNjYXNrMTJAeWFob28uY29tJnVzZXJpZD1rLTEyNi0xODQzNC00MzE2MTQ0LTUxJmV4dHJhPSYmJg==&&&www.paypal.com/help?mkt_tok=3RkMMJWWfF9wsRonuanLZKXonjHpfsX86O0rWKOylMI\%2F0ER3fOvrPUfGjI4AT8BkI\%2FqLAzICFpZo2FFIG\%2FmFfYw\%3D',https://'mkto-k0126.com/track?type=click&enid=bWFpbGluZ2lkPXByb2Qtay0xODUmbWVzc2FnZWlkPTE4NSZkYXRhYmFzZWlkPTEzMjY0MjMzMjEmc2VyaWFsPTEyNDI4MDkzMjEmZW1haWxpZD10bWNjYXNrMTJAeWFob28uY29tJnVzZXJpZD1rLTEyNi0xODQzNC00MzE2MTQ0LTUxJmV4dHJhPSYmJg==&&&www.paypal.com/help?mkt_tok=3RkMMJWWfF9wsRonuanLZKXonjHpfsX86O0rWKOylMI\%2F0ER3fOvrPUfGjI4AT8BkI\%2FqLAzICFpZo2FFIG\%2FmFfYw\%3D',SUSPICIOUS,18,18% suspicious - Invalid or incomplete link,
501,'mkto-k0126.com/track?type=click&enid=bWFpbGluZ2lkPXByb2Qtay0xODUmbWVzc2FnZWlkPTE4NSZkYXRhYmFzZWlkPTEzMjY0MjMzMjEmc2VyaWFsPTEyNDI4MDkzMjEmZW1haWxpZD10bWNjYXNrMTJAeWFob28uY29tJnVzZXJpZD1rLTEyNi0xODQzNC00MzE2MTQ0LTUxJmV4dHJhPSYmJg==&&&www.paypal.com/security?mkt_tok=3RkMMJWWfF9wsRonuanLZKXonjHpfsX86O0rWKOylMI\%2F0ER3fOvrPUfGjI4AT8BkI\%2FqLAzICFpZo2FFIG\%2FmFfYw\%3D',https://'mkto-k0126.com/track?type=click&enid=bWFpbGluZ2lkPXByb2Qtay0xODUmbWVzc2FnZWlkPTE4NSZkYXRhYmFzZWlkPTEzMjY0MjMzMjEmc2VyaWFsPTEyNDI4MDkzMjEmZW1haWxpZD10bWNjYXNrMTJAeWFob28uY29tJnVzZXJpZD1rLTEyNi0xODQzNC00MzE2MTQ0LTUxJmV4dHJhPSYmJg==&&&www.paypal.com/security?mkt_tok=3RkMMJWWfF9wsRonuanLZKXonjHpfsX86O0rWKOylMI\%2F0ER3fOvrPUfGjI4AT8BkI\%2FqLAzICFpZo2FFIG\%2FmFfYw\%3D',SUSPICIOUS,18,18% suspicious - Invalid or incomplete link,
502,sapiensfaculdade.com.br/security/login.php,https://sapiensfaculdade.com.br/security/login.php,SUSPICIOUS,16,16% suspicious - Contains risky words,
503,paypal.com.cgi-bin.webscr.cmd.login-run.5885d80a13c0db1f8e263663d3wi892ee8dcbdhe788a5.perfectclassified.org/login/login.php,https://paypal.com.cgi-bin.webscr.cmd.login-run.5885d80a13c0db1f8e263663d3wi892ee8dcbdhe788a5.perfectclassified.org/login/login.php,SUSPICIOUS,41,41% suspicious - Contains risky words,
504,kettyle.co.uk/Paypal.com/index.php,https://kettyle.co.uk/Paypal.com/index.php,SAFE,8,8% safe - URL has multiple dot segments,
505,luisramonperu.com/service/7ef7caa772f7dc1daa66800841765148/,https://luisramonperu.com/service/7ef7caa772f7dc1daa66800841765148/,SAFE,6,6% safe - Contains randomized path token,
506,app.qmailer.co.uk/link/8556/3621624/179552,https://app.qmailer.co.uk/link/8556/3621624/179552,SAFE,4,4% safe,
507,hassanalsheikh.com/wp-content/languages/Paypal.Us/index.php,https://hassanalsheikh.com/wp-content/languages/Paypal.Us/index.php,SAFE,6,6% safe - Targets dynamic script endpoint,
508,dazzletechnologies.com/images/worldwide/paypalworldwide.INC/cgi-bin/webscrcmd=_login-run/webscrcmd=_account-run/updates-paypal/confirm-paypal/,https://dazzletechnologies.com/images/worldwide/paypalworldwide.INC/cgi-bin/webscrcmd=_login-run/webscrcmd=_account-run/updates-paypal/confirm-paypal/,SUSPICIOUS,58,58% suspicious - Contains risky words,
509,kettyle.co.uk/Paypal.com/0d39457934230911cc94476d756dba56/webscr.php?cmd=_login-run&dispatch=5885d80a13c0db1f998ca054efbdf2c29878a435fe324eec2511727fbf3e9efc51421c64228e328a1a5d9d7d4d71201651421c64228e328a1a5d9d7d4d712016,https://kettyle.co.uk/Paypal.com/0d39457934230911cc94476d756dba56/webscr.php?cmd=_login-run&dispatch=5885d80a13c0db1f998ca054efbdf2c29878a435fe324eec2511727fbf3e9efc51421c64228e328a1a5d9d7d4d71201651421c64228e328a1a5d9d7d4d712016,SUSPICIOUS,54,54% suspicious - Contains risky words,
510,imgod.netne.net/ebay/,https://imgod.netne.net/ebay/,SAFE,4,4% safe,
511,'cntu.org.br/cntu/LightBox/images/www.nab.com.au/ib.nab.com.au/mail/function/online\%20BANKING/',https://'cntu.org.br/cntu/LightBox/images/www.nab.com.au/ib.nab.com.au/mail/function/online\%20BANKING/',SUSPICIOUS,18,18% suspicious - Invalid or incomplete link,
512,childrenfun.net/pay.loding.5885d80a13c0db1f8e263663d3faee8d7283e7f0184a5674430f290db9e9c846684121323541211243547/,https://childrenfun.net/pay.loding.5885d80a13c0db1f8e263663d3faee8d7283e7f0184a5674430f290db9e9c846684121323541211243547/,SUSPICIOUS,10,10% suspicious - URL length is above normal,
513,app.qmailer.co.uk/link/8556/3625144/179552,https://app.qmailer.co.uk/link/8556/3625144/179552,SAFE,4,4% safe,
514,waquilters.org.au/wp-content/themes/index.html,https://waquilters.org.au/wp-content/themes/index.html,SAFE,4,4% safe,
515,www.pelder.heliohost.org//wp-includes/js/jquery/nabisco/index.htm,https://www.pelder.heliohost.org//wp-includes/js/jquery/nabisco/index.htm,SAFE,4,4% safe,
516,www.stadlerprofessional.com/images/other_images/html_editor_gallery/image_library/chasss.html,https://www.stadlerprofessional.com/images/other_images/html_editor_gallery/image_library/chasss.html,SAFE,8,8% safe - URL length is moderately high,
517,alibabamailveriication.yolasite.com/contact-us.php,https://alibabamailveriication.yolasite.com/contact-us.php,SAFE,6,6% safe - Targets dynamic script endpoint,
518,billing.evotechsrd.com/downloads/globalsources/B2B/tradealert/globalsources.html,https://billing.evotechsrd.com/downloads/globalsources/B2B/tradealert/globalsources.html,SUSPICIOUS,15,15% suspicious - Contains risky words,
519,www.receilafederal.com/,https://www.receilafederal.com/,SAFE,4,4% safe,
520,www.blogaosertanejo.com.br/n.pac,https://www.blogaosertanejo.com.br/n.pac,SAFE,4,4% safe,
521,www.blogsertaouniversitario.com.br/monitor/index.php,https://www.blogsertaouniversitario.com.br/monitor/index.php,SAFE,6,6% safe - Targets dynamic script endpoint,
522,www.receilafederal.com/regionais/processos/?1020041872012,https://www.receilafederal.com/regionais/processos/?1020041872012,SAFE,4,4% safe,
523,myocbc-online.com/,https://myocbc-online.com/,SAFE,4,4% safe,
524,docs.google.com/a/uic.edu/spreadsheet/viewform?formkey=dEp5dmQyMjU4SmxpenhtcHJaeFROQWc6MQ,https://docs.google.com/a/uic.edu/spreadsheet/viewform?formkey=dEp5dmQyMjU4SmxpenhtcHJaeFROQWc6MQ,SAFE,0,Safe link,
525,www.alfamatrica.hu/wp-includes/theme-compat/boqbl.html?_nfpb=change_form,https://www.alfamatrica.hu/wp-includes/theme-compat/boqbl.html?_nfpb=change_form,SAFE,7,7% safe - URL contains several special characters,
526,surfable.co/wp-content/plugins/contact-form-7/includes/Alibaba-Secure-Data.html,https://surfable.co/wp-content/plugins/contact-form-7/includes/Alibaba-Secure-Data.html,SUSPICIOUS,25,25% suspicious - Contains risky words,
527,www.inoesis.com/wp-content/themes/.server/.Allert/PayPal/Limit100/,https://www.inoesis.com/wp-content/themes/.server/.Allert/PayPal/Limit100/,SAFE,8,8% safe - URL contains several special characters,
528,brunswicktradings.com/global/,https://brunswicktradings.com/global/,SAFE,4,4% safe,
529,www.viewsamples.westmoorng.com/,https://www.viewsamples.westmoorng.com/,SAFE,4,4% safe,
530,www.imobuzios.com.br/imagens/login.htm,https://www.imobuzios.com.br/imagens/login.htm,SUSPICIOUS,12,12% suspicious - Contains risky words,
531,www.cielofidelidadepromocao2011.xpg.com.br/cad-id=0985.php,https://www.cielofidelidadepromocao2011.xpg.com.br/cad-id=0985.php,SAFE,8,8% safe - URL has multiple dot segments,
532,www.cliqueyes.com.br/programafidelidade/login.html,https://www.cliqueyes.com.br/programafidelidade/login.html,SUSPICIOUS,12,12% suspicious - Contains risky words,
533,www.cielofidelidadepromocao2011.xpg.com.br/,https://www.cielofidelidadepromocao2011.xpg.com.br/,SAFE,4,4% safe,
534,www.cielofidelidadepromocao2011.xpg.com.br/vantagens.html,https://www.cielofidelidadepromocao2011.xpg.com.br/vantagens.html,SAFE,6,6% safe - URL has multiple dot segments,
535,www.sopan3100.com/c/,https://www.sopan3100.com/c/,SAFE,4,4% safe,
536,web3.brainhost.com/~lmafamor/www.paypal.com.au/webscr.php,https://web3.brainhost.com/~lmafamor/www.paypal.com.au/webscr.php,SUSPICIOUS,10,10% suspicious - URL has many dot segments,
537,www.hospitaljuangrande.es/administrator/cache/information.html.html,https://www.hospitaljuangrande.es/administrator/cache/information.html.html,SAFE,4,4% safe,
538,702recycling.bo.lt/lamborghini_gallardo_lp560_in_lamborghini_ebay_motors,https://702recycling.bo.lt/lamborghini_gallardo_lp560_in_lamborghini_ebay_motors,SAFE,6,6% safe - Contains randomized path token,
539,www.ilam-telecom.ir/public/css/c1.html,https://www.ilam-telecom.ir/public/css/c1.html,SAFE,6,6% safe - Contains randomized path token,
540,nobell.it/70ffb52d079109dca5664cce6f317373794/login.SkyPe.com/en/cgi-bin/verification/login/70ffb52d079109dca5664cce6f317373/index.php?cmd=_profile-ach&outdated_page_tmpl=p/gen/failed-to-load&nav=0.5.1&login_access=1322408526,https://nobell.it/70ffb52d079109dca5664cce6f317373794/login.SkyPe.com/en/cgi-bin/verification/login/70ffb52d079109dca5664cce6f317373/index.php?cmd=_profile-ach&outdated_page_tmpl=p/gen/failed-to-load&nav=0.5.1&login_access=1322408526,SUSPICIOUS,62,62% suspicious - Contains risky words,
541,paypal.cgi.bin.get-into.herf.secure.dispatch35463256rzr321654641dsf6543218747841hjk41231.propiedadesallende.cl/get-into/get-into/cce0afd11c4096ee0282620ae0fb57a6/wbsccr.htm?cmd=_Processing&amp;dispatch=5885d80a13c0db1fb6947b0aeae66fdbfb2119927117e3a6f876e0fd34af43657cf0d99862d9ce0833636c02010efcc17cf0d99862d9ce0833636c02010efcc1,https://paypal.cgi.bin.get-into.herf.secure.dispatch35463256rzr321654641dsf6543218747841hjk41231.propiedadesallende.cl/get-into/get-into/cce0afd11c4096ee0282620ae0fb57a6/wbsccr.htm?cmd=_Processing&amp;dispatch=5885d80a13c0db1fb6947b0aeae66fdbfb2119927117e3a6f876e0fd34af43657cf0d99862d9ce0833636c02010efcc17cf0d99862d9ce0833636c02010efcc1,SUSPICIOUS,48,48% suspicious - Contains risky words,
542,citrasehat.com/Confirmation/f2f74ecb459c54ad1ab56ffa55423bc5/,https://citrasehat.com/Confirmation/f2f74ecb459c54ad1ab56ffa55423bc5/,SUSPICIOUS,15,15% suspicious - Contains risky words,
543,'homeimprovementmessage.com/bahi\%20paypal/secure-code5/security/login.php',https://'homeimprovementmessage.com/bahi\%20paypal/secure-code5/security/login.php',SUSPICIOUS,18,18% suspicious - Invalid or incomplete link,
544,pd907fc48.dip0.t-ipconnect.de/www2.paypal.com/uk/login.php?cmd=_login-run,https://pd907fc48.dip0.t-ipconnect.de/www2.paypal.com/uk/login.php?cmd=_login-run,SUSPICIOUS,41,41% suspicious - Contains risky words,
545,'homeimprovementmessage.com/bahi\%20paypal/secure-code92/security/login.php',https://'homeimprovementmessage.com/bahi\%20paypal/secure-code92/security/login.php',SUSPICIOUS,18,18% suspicious - Invalid or incomplete link,
546,pd907fc48.dip0.t-ipconnect.de/www2.paypal.com/uk/index.php,https://pd907fc48.dip0.t-ipconnect.de/www2.paypal.com/uk/index.php,SUSPICIOUS,15,15% suspicious - URL has many dot segments,
547,paypal.cgi.bin.get-into.herf.secure.dispatch35463256rzr321654641dsf6543218747841hjk41231.propiedadesallende.cl/get-into/get-into/ed38a695a96b68b52d8e92991ff2f98d/wbsccr.htm?cmd=_Processing&amp;dispatch=5885d80a13c0db1fb6947b0aeae66fdbfb2119927117e3a6f876e0fd34af43654ab6691ad576c950059ea529a98fac7b4ab6691ad576c950059ea529a98fac7b,https://paypal.cgi.bin.get-into.herf.secure.dispatch35463256rzr321654641dsf6543218747841hjk41231.propiedadesallende.cl/get-into/get-into/ed38a695a96b68b52d8e92991ff2f98d/wbsccr.htm?cmd=_Processing&amp;dispatch=5885d80a13c0db1fb6947b0aeae66fdbfb2119927117e3a6f876e0fd34af43654ab6691ad576c950059ea529a98fac7b4ab6691ad576c950059ea529a98fac7b,SUSPICIOUS,48,48% suspicious - Contains risky words,
548,www.paypal.com.uscgi-bin.webscr.cmd.login-submit.dispatch.97c8e6d0d14f43b296fdbdb6189c802954b1267956048.suenacristo.com/8f00087720b3d3330c825a0d6c48620a/,https://www.paypal.com.uscgi-bin.webscr.cmd.login-submit.dispatch.97c8e6d0d14f43b296fdbdb6189c802954b1267956048.suenacristo.com/8f00087720b3d3330c825a0d6c48620a/,SUSPICIOUS,40,40% suspicious - Contains risky words,
549,80816paypal79807.teas111.com/9JXGgsCPYA.php?BilKm6vtW6kjxnEApk3lqWo4AZqH5qBzS3kPX5i9MYYqRHrLSHE9McRdaGFsYCV0XheBYRcC7AUJDBd9FNZ4sLWI7vHI2j4wOQlc,https://80816paypal79807.teas111.com/9JXGgsCPYA.php?BilKm6vtW6kjxnEApk3lqWo4AZqH5qBzS3kPX5i9MYYqRHrLSHE9McRdaGFsYCV0XheBYRcC7AUJDBd9FNZ4sLWI7vHI2j4wOQlc,SUSPICIOUS,33,33% suspicious - Looks similar to a known brand,
550,5278paypal33707.teas111.com/OgA8E00S7k.php?Wy66Ogg28TJhlQ7lEBFMXTpLTPsZ2I7wZa1jWLw3L0BUCt19IL0b92WBVFCZQ8NN5zUWA7s7QJW1mIDLa8W9aM2jRbhD42duyvM3,https://5278paypal33707.teas111.com/OgA8E00S7k.php?Wy66Ogg28TJhlQ7lEBFMXTpLTPsZ2I7wZa1jWLw3L0BUCt19IL0b92WBVFCZQ8NN5zUWA7s7QJW1mIDLa8W9aM2jRbhD42duyvM3,SUSPICIOUS,33,33% suspicious - Looks similar to a known brand,
551,equipmentshop.com/includes/readme.html,https://equipmentshop.com/includes/readme.html,SAFE,4,4% safe,
552,www.7kaya.net/~agmalnoo/www.paypal.com/www.paypal.com.cgin.updateupuir-accountonlineaccounthjisdhfu4ihiushf4uhiuhu4ihfshf4uihufhku4fh/creadit.html,https://www.7kaya.net/~agmalnoo/www.paypal.com/www.paypal.com.cgin.updateupuir-accountonlineaccounthjisdhfu4ihiushf4uhiuhu4ihfshf4uihufhku4fh/creadit.html,SUSPICIOUS,51,51% suspicious - Contains risky words,
553,www.battlle.tk/login.asp,https://www.battlle.tk/login.asp,SUSPICIOUS,29,29% suspicious - Contains risky words,
554,cordeliomail.com/graphics/outlines/m.php,https://cordeliomail.com/graphics/outlines/m.php,SAFE,6,6% safe - Targets dynamic script endpoint,
555,www.file-link.info/~agmalnoo/www.paypal.com/www.paypal.com.cgin.updateupuir-accountonlineaccounthjisdhfu4ihiushf4uhiuhu4ihfshf4uihufhku4fh/creadit.html,https://www.file-link.info/~agmalnoo/www.paypal.com/www.paypal.com.cgin.updateupuir-accountonlineaccounthjisdhfu4ihiushf4uhiuhu4ihfshf4uihufhku4fh/creadit.html,SUSPICIOUS,51,51% suspicious - Contains risky words,
556,chisomventures.com/aaaaaa/rrr/webscr.php?cmd=_login-run&dispatch=5885d80a13c0db1f1ff80d546411d7f84f1036d8f209d3d19ebb6f4eeec8bd0eba5cf50c8164a5edfe054f3f69e2e33eba5cf50c8164a5edfe054f3f69e2e33e,https://chisomventures.com/aaaaaa/rrr/webscr.php?cmd=_login-run&dispatch=5885d80a13c0db1f1ff80d546411d7f84f1036d8f209d3d19ebb6f4eeec8bd0eba5cf50c8164a5edfe054f3f69e2e33eba5cf50c8164a5edfe054f3f69e2e33e,SUSPICIOUS,38,38% suspicious - Contains risky words,
557,aksharbharti.com/paypal/,https://aksharbharti.com/paypal/,SAFE,4,4% safe,
558,oldcarandtrucks.com/paypaI/secure-code6/security/login.php,https://oldcarandtrucks.com/paypaI/secure-code6/security/login.php,SUSPICIOUS,33,33% suspicious - Contains risky words,
559,paypal.cgi.bin.get-into.herf.secure.dispatch35463256rzr321654641dsf6543218747841hjk41231.propiedadesallende.cl/get-into/get-into/cce0afd11c4096ee0282620ae0fb57a6/,https://paypal.cgi.bin.get-into.herf.secure.dispatch35463256rzr321654641dsf6543218747841hjk41231.propiedadesallende.cl/get-into/get-into/cce0afd11c4096ee0282620ae0fb57a6/,SUSPICIOUS,40,40% suspicious - Contains risky words,
560,paypal.cgi.bin.get-into.herf.secure.dispatch35463256rzr321654641dsf6543218747841hjk41231.propiedadesallende.cl/get-into/get-into/,https://paypal.cgi.bin.get-into.herf.secure.dispatch35463256rzr321654641dsf6543218747841hjk41231.propiedadesallende.cl/get-into/get-into/,SUSPICIOUS,34,34% suspicious - Contains risky words,
561,bit.ly/Mu58sy,https://bit.ly/Mu58sy,SUSPICIOUS,15,15% suspicious - Uses a shortened link,
562,allergybustersqueensland.com/includes/phpInputFilter/paypal.fr/,https://allergybustersqueensland.com/includes/phpInputFilter/paypal.fr/,SAFE,4,4% safe,
563,tampremiada.com.br/,https://tampremiada.com.br/,SAFE,4,4% safe,
564,'homeimprovementmessage.com/bahi\%20paypal/secure-code5/security/',https://'homeimprovementmessage.com/bahi\%20paypal/secure-code5/security/',SUSPICIOUS,18,18% suspicious - Invalid or incomplete link,
565,'homeimprovementmessage.com/bahi\%20paypal/',https://'homeimprovementmessage.com/bahi\%20paypal/',SUSPICIOUS,18,18% suspicious - Invalid or incomplete link,
566,www.pflp.ps/uploads/sub_album38/admin/,https://www.pflp.ps/uploads/sub_album38/admin/,SAFE,6,6% safe - Contains randomized path token,
567,www.ofertatam.voudeargohost.net/resgate/,https://www.ofertatam.voudeargohost.net/resgate/,SAFE,4,4% safe,
568,www.nrj-sol-r.com/sicreditotalinternet/recadastramento/sicredi.php,https://www.nrj-sol-r.com/sicreditotalinternet/recadastramento/sicredi.php,SAFE,6,6% safe - Targets dynamic script endpoint,
569,healthcare.bercaniaga.co.id/components/com_contact/participar.php,https://healthcare.bercaniaga.co.id/components/com_contact/participar.php,SAFE,8,8% safe - URL has multiple dot segments,
570,carsinlove.com/www.pay.pal.net/nirvana.php?cmd=_login-run&dispatch=c2bb5724a7c00e987c64436a93ab0047c2bb5724a7c00e987c64436a93ab0047,https://carsinlove.com/www.pay.pal.net/nirvana.php?cmd=_login-run&dispatch=c2bb5724a7c00e987c64436a93ab0047c2bb5724a7c00e987c64436a93ab0047,SUSPICIOUS,44,44% suspicious - Contains risky words,
571,'homeimprovementmessage.com/bahi\%20paypal/secure-code1/security/login.php',https://'homeimprovementmessage.com/bahi\%20paypal/secure-code1/security/login.php',SUSPICIOUS,18,18% suspicious - Invalid or incomplete link,
572,best-ebay.com/paypal/fr/,https://best-ebay.com/paypal/fr/,SAFE,4,4% safe,
573,centralseg.com/admin/redirect.php,https://centralseg.com/admin/redirect.php,SAFE,6,6% safe - Targets dynamic script endpoint,
574,paypal.cgi.bin.get-into.herf.secure.dispatch35463256rzr321654641dsf6543218747841hjk41231.propiedadesallende.cl/get-into/get-into/e928ca34f96bede0802933035017a8bd/,https://paypal.cgi.bin.get-into.herf.secure.dispatch35463256rzr321654641dsf6543218747841hjk41231.propiedadesallende.cl/get-into/get-into/e928ca34f96bede0802933035017a8bd/,SUSPICIOUS,40,40% suspicious - Contains risky words,
575,www.service.confirm.paypal.usa.cmd.cgi-bin.4532f3e654sqd4e6d23sd8ed52s3d24e8d4sd8e74ds4d3d.dsqd56d5e8d25s.fdsf456e6d5sde8d56s4d.d545d4e84d5d.d89d989s8d9ed5f748df8-874f87878f.70803.4545.4543345.3.zimf.net/Path=s6th3yng8rIt549NcwR352Z/,https://www.service.confirm.paypal.usa.cmd.cgi-bin.4532f3e654sqd4e6d23sd8ed52s3d24e8d4sd8e74ds4d3d.dsqd56d5e8d25s.fdsf456e6d5sde8d56s4d.d545d4e84d5d.d89d989s8d9ed5f748df8-874f87878f.70803.4545.4543345.3.zimf.net/Path=s6th3yng8rIt549NcwR352Z/,SAFE,0,Ignored internal link,
576,www.peedosl.net/paypal/,https://www.peedosl.net/paypal/,SAFE,4,4% safe,
577,paypal.com.cgi.bin.webscr.cmd.login.submit.dispatch.4451545112587451231121542221255411444778111543.ecommandotechnology.in/cmd=_login-submit&dispatch=58e263663d35d8880a13c0d3c0db1f8e95a86f1d2a9c15cd8e632c70896901ec248f1cf632/,https://paypal.com.cgi.bin.webscr.cmd.login.submit.dispatch.4451545112587451231121542221255411444778111543.ecommandotechnology.in/cmd=_login-submit&dispatch=58e263663d35d8880a13c0d3c0db1f8e95a86f1d2a9c15cd8e632c70896901ec248f1cf632/,SUSPICIOUS,34,34% suspicious - Contains risky words,
578,lianlijie.com/static/de/webscr.php,https://lianlijie.com/static/de/webscr.php,SAFE,6,6% safe - Targets dynamic script endpoint,
579,the-m-project.org/wp-content/themes/good-minimal/functions/options/ib.nab.com.au,https://the-m-project.org/wp-content/themes/good-minimal/functions/options/ib.nab.com.au,SUSPICIOUS,11,11% suspicious - URL length is moderately high,
580,the-m-project.org/wp-content/themes/good-minimal/functions/options/ib.nab.com.au/,https://the-m-project.org/wp-content/themes/good-minimal/functions/options/ib.nab.com.au/,SUSPICIOUS,11,11% suspicious - URL length is moderately high,
581,www.pay-secure-pal.de/login.php,https://www.pay-secure-pal.de/login.php,SUSPICIOUS,24,24% suspicious - Contains risky words,
582,paypal.com.us.cgi.bin.webscr.cmd.login-submit.dispatch.5885d80a13c0db1f8e263663d3faee8d7283e7f0184a5674430.f290db9.e9c846.588412.bandarepudio.com.br/rex/secure-code1/security/login.php,https://paypal.com.us.cgi.bin.webscr.cmd.login-submit.dispatch.5885d80a13c0db1f8e263663d3faee8d7283e7f0184a5674430.f290db9.e9c846.588412.bandarepudio.com.br/rex/secure-code1/security/login.php,SUSPICIOUS,61,61% suspicious - Contains risky words,
583,citrasehat.com/Confirmation/ff/,https://citrasehat.com/Confirmation/ff/,SUSPICIOUS,12,12% suspicious - Contains risky words,
584,citrasehat.com/Confirmation/login.php,https://citrasehat.com/Confirmation/login.php,SUSPICIOUS,24,24% suspicious - Contains risky words,
585,www.gmtg-sousse.com/templates/beez/images/conf/,https://www.gmtg-sousse.com/templates/beez/images/conf/,SAFE,4,4% safe,
586,fish-west.co.uk/media/cgi-bin/ca/.webscrcmd=_login-run/,https://fish-west.co.uk/media/cgi-bin/ca/.webscrcmd=_login-run/,SUSPICIOUS,23,23% suspicious - Contains risky words,
587,fish-west.co.uk/media/cgi-bin/ca/,https://fish-west.co.uk/media/cgi-bin/ca/,SAFE,7,7% safe - URL has moderate special character density,
588,test.mediagid.org/us/webscr.php?cmd=_login-run&dispatch=5885d80a13c0db1f1ff80d546411d7f8a8350c132bc41e0934cfc023d4e8f9e5256761d3d937def5eef59be0d84381b7256761d3d937def5eef59be0d84381b7,https://test.mediagid.org/us/webscr.php?cmd=_login-run&dispatch=5885d80a13c0db1f1ff80d546411d7f8a8350c132bc41e0934cfc023d4e8f9e5256761d3d937def5eef59be0d84381b7256761d3d937def5eef59be0d84381b7,SUSPICIOUS,38,38% suspicious - Contains risky words,
589,url2it.com/ogdi,https://url2it.com/ogdi,SAFE,4,4% safe,
590,pyuthansamachar.com/np/Paypal_Virefication/2ff14c8450798e5eba25bc3a3e33ae1e/webscr.php,https://pyuthansamachar.com/np/Paypal_Virefication/2ff14c8450798e5eba25bc3a3e33ae1e/webscr.php,SUSPICIOUS,12,12% suspicious - URL length is moderately high,
591,pyuthansamachar.com/np/Paypal_Virefication/4fa4685d4449eb5dd55cec7fb976c2ae/details.php?cmd=_account,https://pyuthansamachar.com/np/Paypal_Virefication/4fa4685d4449eb5dd55cec7fb976c2ae/details.php?cmd=_account,SUSPICIOUS,41,41% suspicious - Contains risky words,
592,c-b42770d5.016-121-6c756c10.cust.bredbandsbolaget.se/.../ppl_red/redirect.htm,https://c-b42770d5.016-121-6c756c10.cust.bredbandsbolaget.se/.../ppl_red/redirect.htm,SUSPICIOUS,10,10% suspicious - URL length is moderately high,
593,c-b42770d5.016-121-6c756c10.cust.bredbandsbolaget.se/.../ppl_red2/redirect.htm,https://c-b42770d5.016-121-6c756c10.cust.bredbandsbolaget.se/.../ppl_red2/redirect.htm,SUSPICIOUS,12,12% suspicious - URL length is moderately high,
594,www.hijabista.net/paypal.cgi.bin.get-into.herf.secure.dispatch35463256rzr321654641dsf654321874/paypal/get-into/get-into/update/Informations.php,https://www.hijabista.net/paypal.cgi.bin.get-into.herf.secure.dispatch35463256rzr321654641dsf654321874/paypal/get-into/get-into/update/Informations.php,SUSPICIOUS,66,66% suspicious - Contains risky words,
595,www.carreprivileges.com//logo/logoNoir.php,https://www.carreprivileges.com//logo/logoNoir.php,SAFE,6,6% safe - Targets dynamic script endpoint,
596,'howtomoveoninfo.com/auto/nav/JEEEZ/JEEEZ/http.s.www.irs.ov\%20get\%20refunds\%20on\%20your\%20visa\%20or\%20master\%20card\%20now\%20refunds\%20is\%20about\%20three\%20to\%20five\%20business.www.irs.gove.html',https://'howtomoveoninfo.com/auto/nav/JEEEZ/JEEEZ/http.s.www.irs.ov\%20get\%20refunds\%20on\%20your\%20visa\%20or\%20master\%20card\%20now\%20refunds\%20is\%20about\%20three\%20to\%20five\%20business.www.irs.gove.html',SUSPICIOUS,18,18% suspicious - Invalid or incomplete link,
597,paypal.cgi.bin.get-into.herf.secure.dispatch35463256rzr321654641dsf6543218747841hjk41231.lodgeisidora.cl/href/href/secure/center/update/limit/seccure/1f30477db12bc689dc891dbffdab00b8/,https://paypal.cgi.bin.get-into.herf.secure.dispatch35463256rzr321654641dsf6543218747841hjk41231.lodgeisidora.cl/href/href/secure/center/update/limit/seccure/1f30477db12bc689dc891dbffdab00b8/,SUSPICIOUS,58,58% suspicious - Contains risky words,
598,paypal.fr.europe.lange.france.conf.account.paypal.murnikusuma.net/5885d80a13c0db1f8e263663d3faee8d0288a7fd2903afb85a5540fd44243d07/,https://paypal.fr.europe.lange.france.conf.account.paypal.murnikusuma.net/5885d80a13c0db1f8e263663d3faee8d0288a7fd2903afb85a5540fd44243d07/,SUSPICIOUS,40,40% suspicious - Contains risky words,
599,pruckt.5gbfree.com/,https://pruckt.5gbfree.com/,SAFE,4,4% safe,
600,paypel.com-us.sg.cgi.bin.webscr.cmd-p.gen.ua-outside.fe-mhgon4dpsbvr7d1pw7mecazmkgq3zfihr7ie4dkjdfmsfdfvkd.animalia.cl/href/secure/center/update/limit/seccure/6a89f575eff17de1a79227513ef067a4/,https://paypel.com-us.sg.cgi.bin.webscr.cmd-p.gen.ua-outside.fe-mhgon4dpsbvr7d1pw7mecazmkgq3zfihr7ie4dkjdfmsfdfvkd.animalia.cl/href/secure/center/update/limit/seccure/6a89f575eff17de1a79227513ef067a4/,PHISHING,94,94% unsafe - Looks like a fake brand spelling (typo/extra character),
601,https://www.google.com,https://www.google.com,SAFE,0,Safe link,
602,https://www.youtube.com,https://www.youtube.com,SAFE,0,Safe link,
603,https://www.facebook.com,https://www.facebook.com,SAFE,0,Ignored internal link,
604,https://www.baidu.com,https://www.baidu.com,SAFE,4,4% safe,
605,https://www.wikipedia.org,https://www.wikipedia.org,SAFE,4,4% safe,
606,https://www.reddit.com,https://www.reddit.com,SAFE,4,4% safe,
607,https://www.yahoo.com,https://www.yahoo.com,SAFE,4,4% safe,
608,https://www.google.co.in,https://www.google.co.in,SAFE,4,4% safe,
609,https://www.qq.com,https://www.qq.com,SAFE,4,4% safe,
610,https://www.amazon.com,https://www.amazon.com,SAFE,0,Safe link,
611,https://www.taobao.com,https://www.taobao.com,SAFE,4,4% safe,
612,https://www.twitter.com,https://www.twitter.com,SAFE,4,4% safe,
613,https://www.tmall.com,https://www.tmall.com,SAFE,4,4% safe,
614,https://www.google.co.jp,https://www.google.co.jp,SAFE,4,4% safe,
615,https://www.vk.com,https://www.vk.com,SAFE,4,4% safe,
616,https://www.live.com,https://www.live.com,SAFE,4,4% safe,
617,https://www.instagram.com,https://www.instagram.com,SAFE,0,Ignored internal link,
618,https://www.sohu.com,https://www.sohu.com,SAFE,4,4% safe,
619,https://www.sina.com.cn,https://www.sina.com.cn,SAFE,4,4% safe,
620,https://www.jd.com,https://www.jd.com,SAFE,4,4% safe,
621,https://www.weibo.com,https://www.weibo.com,SAFE,4,4% safe,
622,https://www.360.cn,https://www.360.cn,SAFE,4,4% safe,
623,https://www.google.de,https://www.google.de,SAFE,4,4% safe,
624,https://www.google.co.uk,https://www.google.co.uk,SAFE,4,4% safe,
625,https://www.google.com.br,https://www.google.com.br,SAFE,4,4% safe,
626,https://www.google.fr,https://www.google.fr,SAFE,4,4% safe,
627,https://www.google.ru,https://www.google.ru,SAFE,4,4% safe,
628,https://www.netflix.com,https://www.netflix.com,SAFE,0,Safe link,
629,https://www.yandex.ru,https://www.yandex.ru,SAFE,4,4% safe,
630,https://www.list.tmall.com,https://www.list.tmall.com,SAFE,4,4% safe,
631,https://www.linkedin.com,https://www.linkedin.com,SAFE,4,4% safe,
632,https://www.twitch.tv,https://www.twitch.tv,SAFE,4,4% safe,
633,https://www.google.it,https://www.google.it,SAFE,4,4% safe,
634,https://www.t.co,https://www.t.co,SUSPICIOUS,15,15% suspicious - Uses a shortened link,
635,https://www.google.com.hk,https://www.google.com.hk,SAFE,4,4% safe,
636,https://www.pornhub.com,https://www.pornhub.com,SAFE,4,4% safe,
637,https://www.google.es,https://www.google.es,SAFE,4,4% safe,
638,https://www.alipay.com,https://www.alipay.com,SAFE,4,4% safe,
639,https://www.xvideos.com,https://www.xvideos.com,SAFE,4,4% safe,
640,https://www.yahoo.co.jp,https://www.yahoo.co.jp,SAFE,4,4% safe,
641,https://www.google.ca,https://www.google.ca,SAFE,4,4% safe,
642,https://www.ebay.com,https://www.ebay.com,SAFE,4,4% safe,
643,https://www.google.com.mx,https://www.google.com.mx,SAFE,4,4% safe,
644,https://www.microsoft.com,https://www.microsoft.com,SAFE,0,Safe link,
645,https://www.bing.com,https://www.bing.com,SAFE,4,4% safe,
646,https://www.imgur.com,https://www.imgur.com,SAFE,4,4% safe,
647,https://www.ok.ru,https://www.ok.ru,SAFE,4,4% safe,
648,https://www.bongacams.com,https://www.bongacams.com,SAFE,4,4% safe,
649,https://www.imdb.com,https://www.imdb.com,SAFE,4,4% safe,
650,https://www.aliexpress.com,https://www.aliexpress.com,SAFE,4,4% safe,
651,https://www.wikia.com,https://www.wikia.com,SAFE,4,4% safe,
652,https://www.hao123.com,https://www.hao123.com,SAFE,4,4% safe,
653,https://www.mail.ru,https://www.mail.ru,SUSPICIOUS,23,23% suspicious - Looks like a fake brand spelling (typo/extra character),
654,https://www.office.com,https://www.office.com,SAFE,4,4% safe,
655,https://www.csdn.net,https://www.csdn.net,SAFE,4,4% safe,
656,https://www.tumblr.com,https://www.tumblr.com,SAFE,4,4% safe,
657,https://www.msn.com,https://www.msn.com,SAFE,4,4% safe,
658,https://www.wordpress.com,https://www.wordpress.com,SAFE,4,4% safe,
659,https://www.google.com.au,https://www.google.com.au,SAFE,4,4% safe,
660,https://www.google.com.tr,https://www.google.com.tr,SAFE,4,4% safe,
661,https://www.microsoftonline.com,https://www.microsoftonline.com,SAFE,9,9% safe - Looks similar to a known brand,
662,https://www.whatsapp.com,https://www.whatsapp.com,SAFE,0,Ignored internal link,
663,https://www.github.com,https://www.github.com,SAFE,4,4% safe,
664,https://www.google.com.tw,https://www.google.com.tw,SAFE,4,4% safe,
665,https://www.apple.com,https://www.apple.com,SAFE,0,Safe link,
666,https://www.livejasmin.com,https://www.livejasmin.com,SAFE,4,4% safe,
667,https://www.amazon.co.jp,https://www.amazon.co.jp,SAFE,4,4% safe,
668,https://www.blogspot.com,https://www.blogspot.com,SAFE,4,4% safe,
669,https://www.google.pl,https://www.google.pl,SAFE,4,4% safe,
670,https://www.deloton.com,https://www.deloton.com,SAFE,4,4% safe,
671,https://www.popads.net,https://www.popads.net,SAFE,4,4% safe,
672,https://www.paypal.com,https://www.paypal.com,SAFE,0,Safe link,
673,https://www.xhamster.com,https://www.xhamster.com,SAFE,4,4% safe,
674,https://www.stackoverflow.com,https://www.stackoverflow.com,SAFE,4,4% safe,
675,https://www.google.co.id,https://www.google.co.id,SAFE,4,4% safe,
676,https://www.detail.tmall.com,https://www.detail.tmall.com,SAFE,4,4% safe,
677,https://www.pinterest.com,https://www.pinterest.com,SAFE,4,4% safe,
678,https://www.diply.com,https://www.diply.com,SAFE,4,4% safe,
679,https://www.coinmarketcap.com,https://www.coinmarketcap.com,SAFE,4,4% safe,
680,https://www.gmw.cn,https://www.gmw.cn,SAFE,4,4% safe,
681,https://www.amazon.de,https://www.amazon.de,SAFE,4,4% safe,
682,https://www.soso.com,https://www.soso.com,SAFE,4,4% safe,
683,https://www.google.com.ar,https://www.google.com.ar,SAFE,4,4% safe,
684,https://www.so.com,https://www.so.com,SAFE,4,4% safe,
685,https://www.coccoc.com,https://www.coccoc.com,SAFE,4,4% safe,
686,https://www.adobe.com,https://www.adobe.com,SAFE,4,4% safe,
687,https://www.amazon.in,https://www.amazon.in,SAFE,4,4% safe,
688,https://www.amazon.co.uk,https://www.amazon.co.uk,SAFE,4,4% safe,
689,https://www.savefrom.net,https://www.savefrom.net,SAFE,4,4% safe,
690,https://www.xnxx.com,https://www.xnxx.com,SAFE,4,4% safe,
691,https://www.dropbox.com,https://www.dropbox.com,SAFE,4,4% safe,
692,https://www.googleusercontent.com,https://www.googleusercontent.com,SAFE,0,Ignored internal link,
693,https://www.google.com.ua,https://www.google.com.ua,SAFE,4,4% safe,
694,https://www.nicovideo.jp,https://www.nicovideo.jp,SAFE,4,4% safe,
695,https://www.tianya.cn,https://www.tianya.cn,SAFE,4,4% safe,
696,https://www.google.nl,https://www.google.nl,SAFE,4,4% safe,
697,https://www.pixnet.net,https://www.pixnet.net,SAFE,4,4% safe,
698,https://www.google.co.th,https://www.google.co.th,SAFE,4,4% safe,
699,https://www.google.com.pk,https://www.google.com.pk,SAFE,4,4% safe,
700,https://www.tribunnews.com,https://www.tribunnews.com,SAFE,4,4% safe,
701,https://www.google.com.sa,https://www.google.com.sa,SAFE,4,4% safe,
702,https://www.thepiratebay.org,https://www.thepiratebay.org,SAFE,4,4% safe,
703,https://www.espn.com,https://www.espn.com,SAFE,4,4% safe,
704,https://www.bbc.co.uk,https://www.bbc.co.uk,SAFE,4,4% safe,
705,https://www.craigslist.org,https://www.craigslist.org,SAFE,4,4% safe,
706,https://www.bbc.com,https://www.bbc.com,SAFE,4,4% safe,
707,https://www.google.com.eg,https://www.google.com.eg,SAFE,4,4% safe,
708,https://www.booking.com,https://www.booking.com,SAFE,4,4% safe,
709,https://www.soundcloud.com,https://www.soundcloud.com,SAFE,4,4% safe,
710,https://www.cnn.com,https://www.cnn.com,SAFE,4,4% safe,
711,https://www.nytimes.com,https://www.nytimes.com,SAFE,4,4% safe,
712,https://www.chaturbate.com,https://www.chaturbate.com,SAFE,4,4% safe,
713,https://www.detik.com,https://www.detik.com,SAFE,4,4% safe,
714,https://www.thestartmagazine.com,https://www.thestartmagazine.com,SAFE,4,4% safe,
715,https://www.txxx.com,https://www.txxx.com,SAFE,4,4% safe,
716,https://www.google.co.za,https://www.google.co.za,SAFE,4,4% safe,
717,https://www.google.co.ve,https://www.google.co.ve,SAFE,4,4% safe,
718,https://www.naver.com,https://www.naver.com,SAFE,4,4% safe,
719,https://www.hitcpm.com,https://www.hitcpm.com,SAFE,4,4% safe,
720,https://www.amazonaws.com,https://www.amazonaws.com,SAFE,9,9% safe - Looks similar to a known brand,
721,https://www.onlinesbi.com,https://www.onlinesbi.com,SAFE,4,4% safe,
722,https://www.exdynsrv.com,https://www.exdynsrv.com,SAFE,4,4% safe,
723,https://www.ebay.de,https://www.ebay.de,SAFE,4,4% safe,
724,https://www.rakuten.co.jp,https://www.rakuten.co.jp,SAFE,4,4% safe,
725,https://www.binance.com,https://www.binance.com,SAFE,4,4% safe,
726,https://www.roblox.com,https://www.roblox.com,SAFE,4,4% safe,
727,https://www.ask.com,https://www.ask.com,SAFE,4,4% safe,
728,https://www.xinhuanet.com,https://www.xinhuanet.com,SAFE,4,4% safe,
729,https://www.aparat.com,https://www.aparat.com,SAFE,4,4% safe,
730,https://www.openload.co,https://www.openload.co,SAFE,4,4% safe,
731,https://www.iwanttodeliver.com,https://www.iwanttodeliver.com,SAFE,4,4% safe,
732,https://www.spotify.com,https://www.spotify.com,SAFE,4,4% safe,
733,https://www.vimeo.com,https://www.vimeo.com,SAFE,4,4% safe,
734,https://www.quora.com,https://www.quora.com,SAFE,4,4% safe,
735,https://www.steamcommunity.com,https://www.steamcommunity.com,SAFE,4,4% safe,
736,https://www.chase.com,https://www.chase.com,SAFE,4,4% safe,
737,https://www.zhihu.com,https://www.zhihu.com,SAFE,4,4% safe,
738,https://www.stackexchange.com,https://www.stackexchange.com,SAFE,4,4% safe,
739,https://www.discordapp.com,https://www.discordapp.com,SUSPICIOUS,12,12% suspicious - Looks similar to a known brand,
740,https://www.softonic.com,https://www.softonic.com,SAFE,4,4% safe,
741,https://www.google.gr,https://www.google.gr,SAFE,4,4% safe,
742,https://www.fbcdn.net,https://www.fbcdn.net,SAFE,0,Ignored internal link,
743,https://www.google.com.ph,https://www.google.com.ph,SAFE,4,4% safe,
744,https://www.mediafire.com,https://www.mediafire.com,SAFE,4,4% safe,
745,https://www.dailymotion.com,https://www.dailymotion.com,SAFE,4,4% safe,
746,https://www.mozilla.org,https://www.mozilla.org,SAFE,4,4% safe,
747,https://www.youth.cn,https://www.youth.cn,SAFE,4,4% safe,
748,https://www.theguardian.com,https://www.theguardian.com,SAFE,4,4% safe,
749,https://www.google.se,https://www.google.se,SAFE,4,4% safe,
750,https://www.google.be,https://www.google.be,SAFE,4,4% safe,
751,https://www.ettoday.net,https://www.ettoday.net,SAFE,4,4% safe,
752,https://www.google.co.ao,https://www.google.co.ao,SAFE,4,4% safe,
753,https://www.salesforce.com,https://www.salesforce.com,SAFE,4,4% safe,
754,https://www.google.com.sg,https://www.google.com.sg,SAFE,4,4% safe,
755,https://www.flipkart.com,https://www.flipkart.com,SAFE,4,4% safe,
756,https://www.ebay.co.uk,https://www.ebay.co.uk,SAFE,4,4% safe,
757,https://www.vice.com,https://www.vice.com,SAFE,4,4% safe,
758,https://www.nih.gov,https://www.nih.gov,SAFE,4,4% safe,
759,https://www.fc2.com,https://www.fc2.com,SAFE,4,4% safe,
760,https://www.queuecosm.bid,https://www.queuecosm.bid,SAFE,4,4% safe,
761,https://www.google.az,https://www.google.az,SAFE,4,4% safe,
762,https://www.avito.ru,https://www.avito.ru,SAFE,4,4% safe,
763,https://www.douyu.com,https://www.douyu.com,SAFE,4,4% safe,
764,https://www.cnet.com,https://www.cnet.com,SAFE,4,4% safe,
765,https://www.blogger.com,https://www.blogger.com,SAFE,4,4% safe,
766,https://www.google.co.kr,https://www.google.co.kr,SAFE,4,4% safe,
767,https://www.exosrv.com,https://www.exosrv.com,SAFE,4,4% safe,
768,https://www.deviantart.com,https://www.deviantart.com,SAFE,4,4% safe,
769,https://www.dailymail.co.uk,https://www.dailymail.co.uk,SAFE,4,4% safe,
770,https://www.4chan.org,https://www.4chan.org,SAFE,4,4% safe,
771,https://www.doubleclick.net,https://www.doubleclick.net,SAFE,4,4% safe,
772,https://www.alibaba.com,https://www.alibaba.com,SAFE,4,4% safe,
773,https://www.providr.com,https://www.providr.com,SAFE,4,4% safe,
774,https://www.globo.com,https://www.globo.com,SAFE,4,4% safe,
775,https://www.steampowered.com,https://www.steampowered.com,SAFE,4,4% safe,
776,https://www.mercadolivre.com.br,https://www.mercadolivre.com.br,SAFE,4,4% safe,
777,https://www.indeed.com,https://www.indeed.com,SAFE,4,4% safe,
778,https://www.google.at,https://www.google.at,SAFE,4,4% safe,
779,https://www.twimg.com,https://www.twimg.com,SAFE,4,4% safe,
780,https://www.redd.it,https://www.redd.it,SAFE,4,4% safe,
781,https://www.1688.com,https://www.1688.com,SAFE,4,4% safe,
782,https://www.google.com.ng,https://www.google.com.ng,SAFE,4,4% safe,
783,https://www.buzzfeed.com,https://www.buzzfeed.com,SAFE,4,4% safe,
784,https://www.google.com.vn,https://www.google.com.vn,SAFE,4,4% safe,
785,https://www.google.cn,https://www.google.cn,SAFE,4,4% safe,
786,https://www.google.com.co,https://www.google.com.co,SAFE,4,4% safe,
787,https://www.etsy.com,https://www.etsy.com,SAFE,4,4% safe,
788,https://www.cloudfront.net,https://www.cloudfront.net,SAFE,4,4% safe,
789,https://www.blastingnews.com,https://www.blastingnews.com,SAFE,4,4% safe,
790,https://www.login.tmall.com,https://www.login.tmall.com,SUSPICIOUS,12,12% suspicious - Contains risky words,
791,https://www.force.com,https://www.force.com,SAFE,4,4% safe,
792,https://www.onlinevideoconverter.com,https://www.onlinevideoconverter.com,SAFE,4,4% safe,
793,https://www.amazon.fr,https://www.amazon.fr,SAFE,4,4% safe,
794,https://www.washingtonpost.com,https://www.washingtonpost.com,SAFE,4,4% safe,
795,https://www.pinimg.com,https://www.pinimg.com,SAFE,4,4% safe,
796,https://www.china.com.cn,https://www.china.com.cn,SAFE,4,4% safe,
797,https://www.messenger.com,https://www.messenger.com,SAFE,4,4% safe,
798,https://www.tokopedia.com,https://www.tokopedia.com,SAFE,4,4% safe,
799,https://www.mama.cn,https://www.mama.cn,SAFE,4,4% safe,
800,https://www.google.cz,https://www.google.cz,SAFE,4,4% safe,
801,https://www.coinbase.com,https://www.coinbase.com,SAFE,4,4% safe,
802,https://www.china.com,https://www.china.com,SAFE,4,4% safe,
803,https://www.sogou.com,https://www.sogou.com,SAFE,4,4% safe,
804,https://www.google.ro,https://www.google.ro,SAFE,4,4% safe,
805,https://www.exoclick.com,https://www.exoclick.com,SAFE,4,4% safe,
806,https://www.walmart.com,https://www.walmart.com,SAFE,4,4% safe,
807,https://www.yelp.com,https://www.yelp.com,SAFE,4,4% safe,
808,https://www.babytree.com,https://www.babytree.com,SAFE,4,4% safe,
809,https://www.amazon.it,https://www.amazon.it,SAFE,4,4% safe,
810,https://www.google.ch,https://www.google.ch,SAFE,4,4% safe,
811,https://www.wikihow.com,https://www.wikihow.com,SAFE,4,4% safe,
812,https://www.google.no,https://www.google.no,SAFE,4,4% safe,
813,https://www.w3schools.com,https://www.w3schools.com,SAFE,4,4% safe,
814,https://www.uol.com.br,https://www.uol.com.br,SAFE,4,4% safe,
815,https://www.spankbang.com,https://www.spankbang.com,SAFE,4,4% safe,
816,https://www.google.pt,https://www.google.pt,SAFE,4,4% safe,
817,https://www.pages.tmall.com,https://www.pages.tmall.com,SAFE,4,4% safe,
818,https://www.godaddy.com,https://www.godaddy.com,SAFE,4,4% safe,
819,https://www.slideshare.net,https://www.slideshare.net,SAFE,4,4% safe,
820,https://www.redtube.com,https://www.redtube.com,SAFE,4,4% safe,
821,https://www.metropcs.mobi,https://www.metropcs.mobi,SAFE,4,4% safe,
822,https://www.speakol.com,https://www.speakol.com,SAFE,4,4% safe,
823,https://www.kompas.com,https://www.kompas.com,SAFE,4,4% safe,
824,https://www.google.ae,https://www.google.ae,SAFE,4,4% safe,
825,https://www.gearbest.com,https://www.gearbest.com,SAFE,4,4% safe,
826,https://www.google.com.pe,https://www.google.com.pe,SAFE,4,4% safe,
827,https://www.google.cl,https://www.google.cl,SAFE,4,4% safe,
828,https://www.mega.nz,https://www.mega.nz,SAFE,4,4% safe,
829,https://www.bankofamerica.com,https://www.bankofamerica.com,SUSPICIOUS,12,12% suspicious - Contains risky words,
830,https://www.ladbible.com,https://www.ladbible.com,SAFE,4,4% safe,
831,https://www.bet9ja.com,https://www.bet9ja.com,SAFE,4,4% safe,
832,https://www.wellsfargo.com,https://www.wellsfargo.com,SAFE,4,4% safe,
833,https://www.spotscenered.info,https://www.spotscenered.info,SAFE,4,4% safe,
834,https://www.eastday.com,https://www.eastday.com,SAFE,4,4% safe,
835,https://www.nextoptim.com,https://www.nextoptim.com,SAFE,4,4% safe,
836,https://www.youporn.com,https://www.youporn.com,SAFE,4,4% safe,
837,https://www.gfycat.com,https://www.gfycat.com,SAFE,4,4% safe,
838,https://www.weather.com,https://www.weather.com,SAFE,4,4% safe,
839,https://www.hulu.com,https://www.hulu.com,SAFE,4,4% safe,
840,https://www.onoticioso.com,https://www.onoticioso.com,SAFE,4,4% safe,
841,https://www.bilibili.com,https://www.bilibili.com,SAFE,4,4% safe,
842,https://www.speedtest.net,https://www.speedtest.net,SAFE,4,4% safe,
843,https://www.ikea.com,https://www.ikea.com,SAFE,4,4% safe,
844,https://www.bp.blogspot.com,https://www.bp.blogspot.com,SAFE,4,4% safe,
845,https://www.slack.com,https://www.slack.com,SAFE,4,4% safe,
846,https://www.bukalapak.com,https://www.bukalapak.com,SAFE,4,4% safe,
847,https://www.caijing.com.cn,https://www.caijing.com.cn,SAFE,4,4% safe,
848,https://www.yts.am,https://www.yts.am,SAFE,4,4% safe,
849,https://www.google.ie,https://www.google.ie,SAFE,4,4% safe,
850,https://www.newstrend.news,https://www.newstrend.news,SAFE,4,4% safe,
851,https://www.abs-cbn.com,https://www.abs-cbn.com,SAFE,4,4% safe,
852,https://www.forbes.com,https://www.forbes.com,SAFE,4,4% safe,
853,https://www.people.com.cn,https://www.people.com.cn,SAFE,4,4% safe,
854,https://www.indiatimes.com,https://www.indiatimes.com,SAFE,4,4% safe,
855,https://www.amazon.es,https://www.amazon.es,SAFE,4,4% safe,
856,https://www.9gag.com,https://www.9gag.com,SAFE,4,4% safe,
857,https://www.google.dk,https://www.google.dk,SAFE,4,4% safe,
858,https://www.upornia.com,https://www.upornia.com,SAFE,4,4% safe,
859,https://www.kinopoisk.ru,https://www.kinopoisk.ru,SAFE,4,4% safe,
860,https://www.huanqiu.com,https://www.huanqiu.com,SAFE,4,4% safe,
861,https://www.youm7.com,https://www.youm7.com,SAFE,4,4% safe,
862,https://www.medium.com,https://www.medium.com,SAFE,4,4% safe,
863,https://www.zillow.com,https://www.zillow.com,SAFE,4,4% safe,
864,https://www.tripadvisor.com,https://www.tripadvisor.com,SAFE,4,4% safe,
865,https://www.gamepedia.com,https://www.gamepedia.com,SAFE,4,4% safe,
866,https://www.scribd.com,https://www.scribd.com,SAFE,4,4% safe,
867,https://www.breitbart.com,https://www.breitbart.com,SAFE,4,4% safe,
868,https://www.wikimedia.org,https://www.wikimedia.org,SUSPICIOUS,23,23% suspicious - Looks like a fake brand spelling (typo/extra character),
869,https://www.dkn.tv,https://www.dkn.tv,SAFE,4,4% safe,
870,https://www.kakaku.com,https://www.kakaku.com,SAFE,4,4% safe,
871,https://www.rambler.ru,https://www.rambler.ru,SAFE,4,4% safe,
872,https://www.bittrex.com,https://www.bittrex.com,SAFE,4,4% safe,
873,https://www.sabah.com.tr,https://www.sabah.com.tr,SAFE,4,4% safe,
874,https://www.ebay-kleinanzeigen.de,https://www.ebay-kleinanzeigen.de,SAFE,4,4% safe,
875,https://www.foxnews.com,https://www.foxnews.com,SAFE,4,4% safe,
876,https://www.codeonclick.com,https://www.codeonclick.com,SAFE,4,4% safe,
877,https://www.trello.com,https://www.trello.com,SAFE,4,4% safe,
878,https://www.hclips.com,https://www.hclips.com,SAFE,4,4% safe,
879,https://www.wetransfer.com,https://www.wetransfer.com,SAFE,4,4% safe,
880,https://www.intuit.com,https://www.intuit.com,SAFE,4,4% safe,
881,https://www.google.dz,https://www.google.dz,SAFE,4,4% safe,
882,https://www.livejournal.com,https://www.livejournal.com,SAFE,4,4% safe,
883,https://www.liputan6.com,https://www.liputan6.com,SAFE,4,4% safe,
884,https://www.google.fi,https://www.google.fi,SAFE,4,4% safe,
885,https://www.google.hu,https://www.google.hu,SAFE,4,4% safe,
886,https://www.leboncoin.fr,https://www.leboncoin.fr,SAFE,4,4% safe,
887,https://www.genius.com,https://www.genius.com,SAFE,4,4% safe,
888,https://www.bestbuy.com,https://www.bestbuy.com,SAFE,4,4% safe,
889,https://www.telegram.org,https://www.telegram.org,SAFE,0,Ignored internal link,
890,https://www.files.wordpress.com,https://www.files.wordpress.com,SAFE,4,4% safe,
891,https://www.archive.org,https://www.archive.org,SAFE,4,4% safe,
892,https://www.aliyun.com,https://www.aliyun.com,SAFE,4,4% safe,
893,https://www.mmoframes.com,https://www.mmoframes.com,SAFE,4,4% safe,
894,https://www.amazon.cn,https://www.amazon.cn,SAFE,4,4% safe,
895,https://www.amazon.ca,https://www.amazon.ca,SAFE,4,4% safe,
896,https://www.huffingtonpost.com,https://www.huffingtonpost.com,SAFE,4,4% safe,
897,https://www.google.co.il,https://www.google.co.il,SAFE,4,4% safe,
898,https://www.researchgate.net,https://www.researchgate.net,SAFE,4,4% safe,
899,https://www.gmx.net,https://www.gmx.net,SAFE,4,4% safe,
900,https://www.ltn.com.tw,https://www.ltn.com.tw,SAFE,4,4% safe,
901,https://www.popcash.net,https://www.popcash.net,SAFE,4,4% safe,
902,https://www.aol.com,https://www.aol.com,SAFE,4,4% safe,
903,https://www.irctc.co.in,https://www.irctc.co.in,SAFE,4,4% safe,
904,https://www.allegro.pl,https://www.allegro.pl,SAFE,4,4% safe,
905,https://www.h8vzwpv.com,https://www.h8vzwpv.com,SAFE,4,4% safe,
906,https://www.goodreads.com,https://www.goodreads.com,SAFE,4,4% safe,
907,https://www.shutterstock.com,https://www.shutterstock.com,SAFE,4,4% safe,
908,https://www.thesaurus.com,https://www.thesaurus.com,SAFE,4,4% safe,
909,https://www.zippyshare.com,https://www.zippyshare.com,SAFE,4,4% safe,
910,https://www.nownews.com,https://www.nownews.com,SAFE,4,4% safe,
911,https://www.ameblo.jp,https://www.ameblo.jp,SAFE,4,4% safe,
912,https://www.web.de,https://www.web.de,SAFE,4,4% safe,
913,https://www.udemy.com,https://www.udemy.com,SAFE,4,4% safe,
914,https://www.cnblogs.com,https://www.cnblogs.com,SAFE,4,4% safe,
915,https://www.google.sk,https://www.google.sk,SAFE,4,4% safe,
916,https://www.bitauto.com,https://www.bitauto.com,SAFE,4,4% safe,
917,https://www.sberbank.ru,https://www.sberbank.ru,SUSPICIOUS,12,12% suspicious - Contains risky words,
918,https://www.digikala.com,https://www.digikala.com,SAFE,4,4% safe,
919,https://www.battle.net,https://www.battle.net,SAFE,4,4% safe,
920,https://www.duckduckgo.com,https://www.duckduckgo.com,SAFE,4,4% safe,
921,https://www.rutracker.org,https://www.rutracker.org,SAFE,4,4% safe,
922,https://www.rumble.com,https://www.rumble.com,SAFE,4,4% safe,
923,https://www.airbnb.com,https://www.airbnb.com,SAFE,4,4% safe,
924,https://www.gamefaqs.com,https://www.gamefaqs.com,SAFE,4,4% safe,
925,https://www.businessinsider.com,https://www.businessinsider.com,SAFE,4,4% safe,
926,https://www.ign.com,https://www.ign.com,SAFE,4,4% safe,
927,https://www.xfinity.com,https://www.xfinity.com,SAFE,4,4% safe,
928,https://www.daum.net,https://www.daum.net,SAFE,4,4% safe,
929,https://www.velocecdn.com,https://www.velocecdn.com,SAFE,4,4% safe,
930,https://www.freepik.com,https://www.freepik.com,SAFE,4,4% safe,
931,https://www.higheurest.com,https://www.higheurest.com,SAFE,4,4% safe,
932,https://www.outbrain.com,https://www.outbrain.com,SAFE,4,4% safe,
933,https://www.rednet.cn,https://www.rednet.cn,SAFE,4,4% safe,
934,https://www.setn.com,https://www.setn.com,SAFE,4,4% safe,
935,https://www.cricbuzz.com,https://www.cricbuzz.com,SAFE,4,4% safe,
936,https://www.livedoor.jp,https://www.livedoor.jp,SAFE,4,4% safe,
937,https://www.myway.com,https://www.myway.com,SAFE,4,4% safe,
938,https://www.ci123.com,https://www.ci123.com,SAFE,4,4% safe,
939,https://www.hola.com,https://www.hola.com,SAFE,4,4% safe,
940,https://www.ouo.io,https://www.ouo.io,SAFE,4,4% safe,
941,https://www.google.kz,https://www.google.kz,SAFE,4,4% safe,
942,https://www.sourceforge.net,https://www.sourceforge.net,SAFE,4,4% safe,
943,https://www.canva.com,https://www.canva.com,SAFE,4,4% safe,
944,https://www.1337x.to,https://www.1337x.to,SAFE,4,4% safe,
945,https://www.youdao.com,https://www.youdao.com,SAFE,4,4% safe,
946,https://www.reverso.net,https://www.reverso.net,SAFE,4,4% safe,
947,https://www.hp.com,https://www.hp.com,SAFE,4,4% safe,
948,https://www.accuweather.com,https://www.accuweather.com,SAFE,4,4% safe,
949,https://www.wordreference.com,https://www.wordreference.com,SAFE,4,4% safe,
950,https://www.usps.com,https://www.usps.com,SAFE,4,4% safe,
951,https://www.varzesh3.com,https://www.varzesh3.com,SAFE,4,4% safe,
952,https://www.orange.fr,https://www.orange.fr,SAFE,4,4% safe,
953,https://www.haber7.com,https://www.haber7.com,SAFE,4,4% safe,
954,https://www.sciencedirect.com,https://www.sciencedirect.com,SAFE,4,4% safe,
955,https://www.subject.tmall.com,https://www.subject.tmall.com,SAFE,4,4% safe,
956,https://www.bestadbid.com,https://www.bestadbid.com,SAFE,4,4% safe,
957,https://www.flickr.com,https://www.flickr.com,SAFE,4,4% safe,
958,https://www.skype.com,https://www.skype.com,SAFE,4,4% safe,
959,https://www.zendesk.com,https://www.zendesk.com,SAFE,4,4% safe,
960,https://www.iqiyi.com,https://www.iqiyi.com,SAFE,4,4% safe,
961,https://www.livedoor.com,https://www.livedoor.com,SAFE,4,4% safe,
962,https://www.userapi.com,https://www.userapi.com,SAFE,4,4% safe,
963,https://www.weebly.com,https://www.weebly.com,SAFE,4,4% safe,
964,https://www.icloud.com,https://www.icloud.com,SAFE,0,Safe link,
965,https://www.target.com,https://www.target.com,SAFE,4,4% safe,
966,https://www.ntd.tv,https://www.ntd.tv,SAFE,4,4% safe,
967,https://www.ndtv.com,https://www.ndtv.com,SAFE,4,4% safe,
968,https://www.momoshop.com.tw,https://www.momoshop.com.tw,SAFE,4,4% safe,
969,https://www.feedly.com,https://www.feedly.com,SAFE,4,4% safe,
970,https://www.asos.com,https://www.asos.com,SAFE,4,4% safe,
971,https://www.123movieshub.to,https://www.123movieshub.to,SAFE,4,4% safe,
972,https://www.instructure.com,https://www.instructure.com,SAFE,4,4% safe,
973,https://www.doublepimp.com,https://www.doublepimp.com,SAFE,4,4% safe,
974,https://www.siteadvisor.com,https://www.siteadvisor.com,SAFE,4,4% safe,
975,https://www.rt.com,https://www.rt.com,SAFE,4,4% safe,
976,https://www.adf.ly,https://www.adf.ly,SAFE,4,4% safe,
977,https://www.rarbg.to,https://www.rarbg.to,SAFE,4,4% safe,
978,https://www.olx.ua,https://www.olx.ua,SAFE,4,4% safe,
979,https://www.ouedkniss.com,https://www.ouedkniss.com,SAFE,4,4% safe,
980,https://www.espncricinfo.com,https://www.espncricinfo.com,SAFE,4,4% safe,
981,https://www.banvenez.com,https://www.banvenez.com,SAFE,4,4% safe,
982,https://www.mailchimp.com,https://www.mailchimp.com,SAFE,4,4% safe,
983,https://www.rottentomatoes.com,https://www.rottentomatoes.com,SAFE,4,4% safe,
984,https://www.utorrent.com,https://www.utorrent.com,SAFE,4,4% safe,
985,https://www.uptodown.com,https://www.uptodown.com,SAFE,4,4% safe,
986,https://www.kaskus.co.id,https://www.kaskus.co.id,SAFE,4,4% safe,
987,https://www.office365.com,https://www.office365.com,SAFE,4,4% safe,
988,https://www.ups.com,https://www.ups.com,SAFE,4,4% safe,
989,https://www.line.me,https://www.line.me,SAFE,4,4% safe,
990,https://www.americanexpress.com,https://www.americanexpress.com,SAFE,4,4% safe,
991,https://www.kissanime.ru,https://www.kissanime.ru,SAFE,4,4% safe,
992,https://www.capitalone.com,https://www.capitalone.com,SAFE,4,4% safe,
993,https://www.mercadolibre.com.ar,https://www.mercadolibre.com.ar,SAFE,4,4% safe,
994,https://www.iqoption.com,https://www.iqoption.com,SAFE,4,4% safe,
995,https://www.blogspot.com.br,https://www.blogspot.com.br,SAFE,4,4% safe,
996,https://www.subscene.com,https://www.subscene.com,SAFE,4,4% safe,
997,https://www.onet.pl,https://www.onet.pl,SAFE,4,4% safe,
998,https://www.163.com,https://www.163.com,SAFE,4,4% safe,
999,https://www.banggood.com,https://www.banggood.com,SAFE,4,4% safe,
1000,https://www.uzone.id,https://www.uzone.id,SAFE,4,4% safe,
